uniprot,gene,tyr_unp,pdb_id,chain,resolution,ligands,status,tyr_auth,chi1,tyr_apo_sasa
P00533,EGFR,585,1NQL,A,2.8,BMA;NAG,ok,561.0,-61.1,63.17
P00533,EGFR,585,1YY9,A,2.6,BMA;MAN;NAG,ok,561.0,-50.5,67.45
P00533,EGFR,585,3NJP,A,3.3,2PE;NAG,ok,561.0,-43.2,61.79
P00533,EGFR,585,3NJP,B,3.3,2PE;NAG,ok,561.0,-45.9,64.77
P00533,EGFR,585,9Z9E,A,2.4,BMA;CL;EDO;K;MAN;NA;NAG;PEG;PGE;SCN,ok,561.0,-54.6,66.23
P00533,EGFR,585,9Z9F,G,3.06,CL;EDO;NA;NAG;PEG,ok,561.0,,14.01
P00533,EGFR,585,9Z9F,K,3.06,CL;EDO;NA;NAG;PEG,ok,561.0,-69.1,57.38
P16234,PDGFRA,273,7RAM,D,3.43,none,ok,273.0,-70.8,9.62
P16234,PDGFRA,273,7LBF,D,2.8,BMA;MAN;NAG,ok,273.0,-58.4,14.84
P16422,EPCAM,251,6I07,C,2.35,GOL;PCA,ok,251.0,-51.0,65.93
P16422,EPCAM,251,6I07,D,2.35,GOL;PCA,ok,251.0,-44.7,58.98
P16422,EPCAM,251,4MZV,A,1.86,DMU;PCA,ok,251.0,-51.4,59.4
Q12884,FAP,467,9DVQ,A,2.7,NAG,ok,467.0,-75.1,54.24
Q12884,FAP,467,9DVQ,B,2.7,NAG,ok,467.0,-72.5,56.74
Q12884,FAP,467,9DVR,A,2.7,NAG,ok,467.0,-63.2,49.34
Q12884,FAP,467,9DVR,B,2.7,NAG,ok,467.0,-64.2,52.85
Q12884,FAP,467,6Y0F,A,2.92,356;BMA;FUC;NAG,ok,467.0,-78.4,52.08
Q12884,FAP,467,6Y0F,B,2.92,356;BMA;FUC;NAG,ok,467.0,-78.3,51.37
Q12884,FAP,467,6Y0F,C,2.92,356;BMA;FUC;NAG,ok,467.0,-78.5,52.13
Q12884,FAP,467,6Y0F,D,2.92,356;BMA;FUC;NAG,ok,467.0,-78.5,51.36
Q12884,FAP,467,1Z68,A,2.6,NAG,ok,467.0,-73.6,52.49
Q12884,FAP,467,1Z68,B,2.6,NAG,ok,467.0,-82.1,49.16
Q9NZQ7,CD274,56,35TL,A,3.93,none,ok,39.0,-157.0,70.24
Q9NZQ7,CD274,56,9TZM,A,2.9,A1JYC,ok,56.0,177.1,48.65
Q9NZQ7,CD274,56,9TZM,B,2.9,A1JYC,ok,56.0,-173.0,53.15
Q9NZQ7,CD274,56,9KSB,A,3.0,A1EKE,ok,56.0,177.8,49.88
Q9NZQ7,CD274,56,9KSB,B,3.0,A1EKE,ok,56.0,179.9,42.72
Q9NZQ7,CD274,56,9KSB,C,3.0,A1EKE,ok,56.0,175.2,48.59
Q9NZQ7,CD274,56,9KSB,D,3.0,A1EKE,ok,56.0,176.4,47.68
Q9NZQ7,CD274,56,9KSB,E,3.0,A1EKE,ok,56.0,-176.7,60.96
Q9NZQ7,CD274,56,9KSB,F,3.0,A1EKE,ok,56.0,-177.3,46.49
Q9NZQ7,CD274,56,13FL,C,2.22,CL;EDO;NAG,ok,56.0,172.2,52.52
Q9NZQ7,CD274,56,9MAP,A,3.0,CA;CL;PO4,ok,56.0,-76.3,72.51
Q9NZQ7,CD274,56,5J89,A,2.2,6GX;EDO,ok,56.0,-72.7,72.07
Q9NZQ7,CD274,56,5J89,B,2.2,6GX;EDO,ok,56.0,-150.9,52.94
Q9NZQ7,CD274,56,5J89,C,2.2,6GX;EDO,ok,56.0,-75.8,90.45
Q9NZQ7,CD274,56,5J89,D,2.2,6GX;EDO,ok,56.0,-166.8,58.02
Q9NZQ7,CD274,56,4ZQK,A,2.45,NA,ok,56.0,171.3,48.28
Q9NZQ7,CD274,56,5NIU,A,2.01,8YZ;EDO,ok,56.0,-172.3,61.68
Q9NZQ7,CD274,56,5NIU,B,2.01,8YZ;EDO,ok,56.0,-171.7,54.66
Q9NZQ7,CD274,56,5NIU,C,2.01,8YZ;EDO,ok,56.0,-172.0,49.85
Q9NZQ7,CD274,56,5NIU,D,2.01,8YZ;EDO,ok,56.0,-178.9,47.41
