pdb_id,min_TYR_dist
9SE9,5.512184143066406
13UF,17.805444717407227
14WB,20.59900665283203
9ZTB,7.256112098693848
22VH,4.08976411819458
9LZS,10.493024826049805
26RC,14.710370063781738
7IMC,8.769540786743164
13UT,16.928247451782227
13UP,14.88306999206543
7IMP,8.089529037475586
9XS6,7.11152458190918
9RWX,3.9269843101501465
13UI,15.737256050109863
9HVZ,6.321226119995117
9S2Q,7.762104511260986
9RUM,8.245378494262695
9NTP,6.579140186309815
9SN7,8.241345405578613
14WH,32.84939193725586
12EM,9.13210391998291
9OPK,6.382842063903809
9FRY,8.198786735534668
9RSF,1.4735603332519531
9WD2,11.894261360168455
35WF,5.896215438842773
9RUN,8.198240280151367
7IMN,9.84428596496582
9Y9O,47.436065673828125
7IMW,8.502495765686035
14VF,29.73137664794922
9TMX,14.449624061584473
9X9Z,4.444614410400391
7ILV,6.208460330963135
28IP,8.871830940246582
14XM,16.574804306030273
9I3B,7.758942604064941
30IX,8.394255638122559
14XE,17.586809158325195
7ILX,8.34477424621582
9RTH,3.1895973682403564
9LZN,10.376978874206545
9PH8,6.203131675720215
9PL4,5.817931175231934
9SQG,6.714822292327881
9T55,9.026336669921877
9TXT,5.264396190643311
9T8G,12.371101379394531
14VK,31.527063369750977
9YUV,7.2176408767700195
9T5E,9.55312442779541
9VYO,5.194250106811523
9XAR,13.191787719726562
14VQ,27.830968856811523
14ZY,27.228679656982425
9RTS,13.29067325592041
14ZG,17.185497283935547
14VM,16.68834114074707
9TBU,12.269135475158691
9TCK,16.378942489624023
9TMR,13.73859691619873
14VG,27.60623550415039
9RUZ,9.264291763305664
10FV,7.583581447601318
14VC,16.629270553588867
9RWC,9.019359588623049
32QR,7.205099105834961
27RD,7.882918357849121
9RY6,10.651885986328123
7IMK,7.9460954666137695
30TL,5.179755210876465
9Q5R,10.205122947692873
9S7H,9.383472442626951
9SBE,8.473752975463867
9RUD,22.945348739624023
9Z5L,6.8911004066467285
9YBS,3.9096274375915527
9VZG,4.132233619689941
9Y7U,6.54743242263794
13DZ,14.728765487670898
13TD,14.05193042755127
28IU,9.012206077575684
9PL6,5.800948143005371
9TFB,8.347281455993652
14XN,34.65305709838867
9RZ6,5.169588088989258
9SZK,10.96773624420166
11SD,10.531697273254396
14VD,21.229785919189453
9Q3Y,5.605661869049072
12LA,2.700906753540039
9RXU,14.33992862701416
9Q4A,10.270139694213867
14XX,28.490537643432617
9WTA,8.397886276245117
9RT5,4.496364593505859
9YUX,6.822988033294678
9W3M,4.024069786071777
9T0U,9.070321083068848
10CX,13.629417419433594
14ZX,16.50520896911621
9HYK,9.163646697998049
13TT,15.983783721923828
9SVM,6.76263952255249
9TDB,9.32785415649414
14YP,29.806028366088867
9HW5,20.586166381835938
7IM9,8.267485618591309
37AS,6.683785438537598
9WUQ,6.829212188720703
9Y7E,10.903470993041992
23EI,9.879375457763672
9TC4,4.343104839324951
9S4A,10.682723999023438
14YY,16.669504165649414
10GA,7.828686714172363
9W3B,11.166930198669434
9RZI,4.077079772949219
9SQ3,5.972574234008789
37BV,11.6132173538208
13TX,13.873655319213867
9RSZ,4.073482036590576
12EZ,6.643824577331543
33FE,4.19335412979126
13US,14.517827987670898
30TA,8.243593215942383
9RVJ,8.240734100341797
14UQ,20.08233070373535
9WA6,8.328662872314453
23EG,10.5303955078125
32RZ,6.662623405456543
9ZRC,5.513670921325684
9Q4C,10.271133422851562
27RE,7.860285758972168
9HW2,20.60348892211914
9VZF,5.436693668365479
9RZP,6.59000825881958
14WW,21.35651397705078
14XC,20.684234619140625
9WDH,6.981777667999268
29AI,10.1083402633667
37ET,13.430549621582031
9S5O,11.505566596984863
7IMS,7.902205467224121
9ZHM,6.798061847686768
30TO,10.958401679992676
26AP,8.858417510986328
9WY0,3.779057741165161
9Y1P,4.483369827270508
9S0K,8.000751495361328
9RZ0,5.560472011566162
13UJ,13.947577476501465
23KS,9.223587989807127
14ZV,27.86351585388184
30TP,5.3145270347595215
13UQ,14.723669052124023
9S4B,6.84683895111084
9TDD,9.368962287902832
9RYY,5.129476547241211
31DG,11.228009223937988
9WGC,10.08377456665039
7IMU,9.350142478942873
9N2P,9.50655746459961
14VN,27.87493133544922
26RV,6.81721305847168
7IML,7.598701000213623
9HW8,7.071725368499756
9RZB,9.202810287475586
9VYN,5.320147514343262
37EU,10.511366844177246
28SZ,9.949200630187988
9RU4,9.104310035705566
9TF9,8.616446495056152
30TW,4.091642379760742
9TFA,9.495078086853027
14VR,27.84564781188965
30TJ,10.463768005371094
9VZ1,5.193833827972412
9X2H,4.488429069519043
7IM4,15.247831344604492
9NYJ,9.182910919189451
9Q4B,10.115142822265623
9RZ1,5.302315711975098
9S40,12.760473251342772
9WOZ,10.012800216674805
13UO,14.216309547424316
7IM2,8.560004234313965
32TC,9.928853034973145
9Z69,14.245152473449709
29AH,10.672237396240234
23EO,20.73692321777344
9TM5,5.2859649658203125
36MB,11.765674591064451
30XX,7.9968342781066895
9LWE,5.691565990447998
9ZRD,6.86722993850708
7ILS,7.984042167663574
28JK,7.157243251800537
9I87,13.569181442260742
9Q5P,5.604269027709961
13UN,17.28245735168457
14XF,20.52265167236328
14VT,29.89583396911621
9S95,10.814109802246094
13UM,14.145709991455078
14XK,29.60557556152344
14VH,16.78692626953125
9R2D,5.233700752258301
9TJU,5.629283905029297
9SI2,8.803925514221191
14UK,18.176916122436523
14XV,28.812536239624023
7IMO,8.956774711608887
9W0A,8.591854095458984
13UX,18.01325225830078
9W19,7.130669593811035
9VZL,5.6771674156188965
14WV,18.048776626586918
14XU,17.18115234375
9YMO,3.385633945465088
9HVU,7.50623607635498
14YU,4.387200355529785
9VS8,7.296875953674316
25QC,7.431865692138672
14UZ,16.55976104736328
26SK,3.411843776702881
14XJ,29.55376434326172
26SJ,3.3662896156311035
13UY,13.71672248840332
35YM,7.72051477432251
9S56,9.10086441040039
9Y7Q,6.611561298370361
9WAM,12.153550148010254
9WFK,7.619198322296143
9PKK,9.320958137512209
9W48,7.003929138183594
13TU,15.01926326751709
28IV,9.03165340423584
27RA,7.927676677703857
14WQ,20.91361427307129
30TR,5.3558502197265625
28IO,8.955976486206055
9WF5,5.981345653533936
9Q4F,11.669352531433104
11SF,9.827019691467283
14WF,30.968923568725582
30XL,9.64322566986084
9VUR,7.251781940460205
14WE,23.05516624450684
30GJ,5.538181781768799
14UH,16.780624389648438
13UG,14.358416557312012
9T1Z,8.093862533569336
7ILZ,8.341581344604492
14WC,17.20693588256836
14WM,28.21293258666992
14VW,20.88745880126953
14XI,21.50250244140625
12LB,2.8775293827056885
9PXR,15.745738983154297
9WDF,12.588735580444336
14ZU,21.180879592895508
9RYH,10.61822509765625
11SG,10.293185234069824
14WO,17.46845245361328
14VO,17.584684371948242
9S0L,9.088180541992188
14VU,17.991971969604492
14YM,21.753231048583984
9IA1,8.433884620666504
9N57,13.98585319519043
31WA,5.838850975036621
9Z68,14.377154350280762
9TXV,5.059565544128418
10RY,9.64585304260254
9Q3O,9.955599784851074
9LZR,10.57422161102295
9I0C,5.886810302734375
9SNB,10.953781127929688
32QP,6.111266136169434
13TZ,14.224331855773926
9Z5M,6.447261333465576
9Z36,14.328941345214844
9Z35,14.450531959533691
9TDQ,6.487142562866211
9T7I,5.880615234375
27RB,7.901353359222412
7ILM,7.211076259613037
9TM7,8.165409088134766
32SC,7.300249099731445
9N8D,22.732393264770508
9RVF,3.577692747116089
37ZR,8.753236770629883
13TW,18.454021453857425
14YW,27.95230865478516
14UI,30.199445724487305
9RZ4,5.49757719039917
9XB3,3.35190486907959
9XS7,6.787254810333252
9S5P,11.478851318359377
31LC,9.62456512451172
9N46,5.110903263092041
30VQ,7.907606601715088
32RX,5.658689498901367
9PKI,9.2501859664917
9VZ4,5.356100559234619
31DE,11.234325408935549
7ILT,8.812103271484375
14YF,21.2980899810791
9VZ7,5.307370185852051
9S6O,6.882728099822998
14ZJ,29.514013290405277
9ZRF,8.647212982177734
30TI,5.16348934173584
9TJV,5.515090465545654
10MN,12.506659507751465
31DF,11.355402946472168
14ZM,17.719709396362305
9TXU,5.064805507659912
9T72,10.063581466674805
14UL,28.172119140625
13TQ,15.21273708343506
14WD,20.966907501220703
28JJ,7.114435195922852
9YUU,7.826108455657959
9I0B,5.930402755737305
14XG,16.84206771850586
24UW,5.30906343460083
28SX,4.498144149780273
27GZ,6.048153400421143
32PP,6.955780982971191
9WAV,10.366022109985352
14YG,23.07650184631348
9I3C,7.809772968292236
14WL,16.482038497924805
9VYK,5.35728120803833
7IMF,9.4075345993042
7IMH,8.24471664428711
9IBM,15.71281909942627
9S7A,9.948145866394045
13TE,15.661300659179688
9S2W,9.518239974975586
13UZ,15.76893138885498
9HXT,2.151509523391724
14YV,20.45698928833008
7IM0,7.577245235443115
13TF,17.238426208496094
14ZQ,21.81635093688965
9TJT,6.0755696296691895
13TI,14.544442176818848
9HVT,7.513770580291748
9SE8,5.604215621948242
7IMG,7.998490333557129
9XB7,3.350574254989624
9Y7T,6.631772518157959
7IMV,7.973440647125244
28LM,8.794611930847168
9Z6D,7.03636360168457
9XBZ,3.380729913711548
9S30,6.802760124206543
9XS3,5.979852676391602
9XS5,6.981130599975586
14XW,21.36907196044922
22TZ,4.829491138458252
9RSL,9.152535438537598
14UN,30.399030685424805
9SPZ,5.940904140472412
9PV8,12.748918533325195
14VP,21.52516365051269
24TF,6.636347770690918
31WB,6.558203220367432
9PVN,15.76175308227539
29VY,7.658449649810791
14UW,19.999610900878903
7IMZ,9.99548625946045
9VZA,5.39050817489624
30IZ,11.323304176330566
13VA,14.547042846679688
9N53,14.791081428527832
32QS,7.290765762329102
9T75,8.109034538269043
9YMN,3.406491041183472
27QY,7.85261058807373
9S7M,6.548556327819824
9S81,2.9683783054351807
7IN0,5.968707084655762
29CT,10.577607154846191
9HW4,20.543336868286133
35WG,6.218990802764893
9RY5,6.260719299316406
9PH9,9.327016830444336
9S1G,7.807793617248535
10JV,6.634024620056152
7IMR,8.427553176879883
7IM8,8.291373252868652
14XT,22.1790771484375
9NVB,4.440765380859375
14WZ,20.045305252075195
14VB,20.1864070892334
9TXW,4.5393967628479
9TAB,7.321197986602783
9RWY,2.112462282180786
13UW,14.38658618927002
7IMY,7.050009250640869
13TK,17.673917770385742
9VZB,5.460698127746582
37EO,12.539830207824709
7ILW,8.143210411071777
27WS,6.874169826507568
14XQ,20.12418556213379
29UY,17.751991271972656
9SSN,10.10992431640625
9S6X,6.715429306030273
14YQ,30.23301124572754
9PQP,4.708357810974121
9Z4R,4.093373775482178
31AO,4.379024028778076
13TS,13.764410018920898
9RZY,4.879677772521973
9T8B,10.123412132263184
9XW0,11.920805931091309
32SB,6.248504638671875
9HXY,20.580171585083008
14UJ,20.435089111328125
9S5S,11.40701675415039
9I85,15.142485618591309
22YX,4.127827167510986
14WP,19.988588333129883
9SME,10.2555570602417
9VYP,5.614075183868408
9N7C,19.266759872436523
14XH,17.059755325317383
9TCH,5.483732223510742
9RTB,2.881920099258423
13EB,14.68301773071289
7IMB,11.5729341506958
13TM,15.678380012512209
11SI,10.7438325881958
9SVZ,6.797476291656494
9RXJ,10.822511672973633
11GM,6.431085586547852
9Z37,14.45887279510498
36JF,6.165553569793701
9TAC,16.39314079284668
9S03,9.35665798187256
24MR,7.044177532196045
9T5F,9.518016815185549
9PT7,5.5376296043396
9I7R,5.048370838165283
9S7T,8.073805809020996
37EP,13.287440299987791
9VYM,5.089582443237305
9TAA,7.274997234344482
36UI,9.047884941101074
9RZ5,4.964270114898682
24GF,5.493453025817871
7ILP,11.56932258605957
7ILU,7.983844757080078
14WA,24.46088218688965
9ZS8,7.865938186645508
9HW3,20.241172790527344
14YE,21.10963630676269
9RT1,5.984745502471924
14YJ,25.62798500061035
13UL,14.45574951171875
9TD0,9.591975212097168
9WTB,8.388083457946777
14VJ,28.670150756835938
37EQ,13.117535591125488
9HVV,7.187493324279785
9Q01,9.810476303100586
9I3D,7.647806167602539
9PVT,7.867979049682617
11SJ,11.536989212036133
28IS,8.954798698425293
28IQ,8.965328216552734
13TH,14.68882656097412
9Q4E,10.152081489562988
9W6B,5.709813594818115
13TP,14.201186180114746
9TB0,12.35841464996338
9X7Q,10.144224166870115
9SAX,13.905912399291992
14ZB,17.201671600341797
36JE,7.161766052246094
14ZT,20.521270751953125
9Y7R,6.6261372566223145
13EA,14.658323287963867
12VD,3.864768266677856
9Y3M,6.54905891418457
