uniprot_id,hpa_gene,ensg,cancer_specificity,cancer_distribution,cancer_specificity_score,max_cancer_ptpm,n_cancers_ptpm_listed,n_prognostic_significant,prognostic_cancers,max_frac_high,max_frac_highmed,n_cancers_highmed_ge50,n_cancers_tested,n_prognostic_fav,n_prognostic_unfav,cancer_high
P16234,PDGFRA,ENSG00000134853,Cancer enhanced,Detected in all,,101.1,1,31,Bladder Urothelial Carcinoma (TCGA);Breast Invasive Carcinoma (TCGA);Breast Invasive Carcinoma (validation);Cervical Squamous Cell Carcinoma and Endocervical Adenocarcinoma (TCGA);Colon Adenocarcinoma (TCGA),0.0,0.16666666666666666,0.0,20.0,1.0,1.0,True
Q9UBN6,TNFRSF10D,ENSG00000173530,Low cancer specificity,Detected in all,,0.0,0,31,Bladder Urothelial Carcinoma (TCGA);Breast Invasive Carcinoma (TCGA);Breast Invasive Carcinoma (validation);Cervical Squamous Cell Carcinoma and Endocervical Adenocarcinoma (TCGA);Colon Adenocarcinoma (TCGA),0.0,0.0,,,,,False
P22794,EVI2A,ENSG00000126860,Cancer enhanced,Detected in all,,35.9,1,31,Bladder Urothelial Carcinoma (TCGA);Breast Invasive Carcinoma (TCGA);Breast Invasive Carcinoma (validation);Cervical Squamous Cell Carcinoma and Endocervical Adenocarcinoma (TCGA);Colon Adenocarcinoma (TCGA),0.25,0.25,0.0,20.0,0.0,2.0,True
Q9NP84,TNFRSF12A,ENSG00000006327,Low cancer specificity,Detected in all,,0.0,0,31,Bladder Urothelial Carcinoma (TCGA);Breast Invasive Carcinoma (TCGA);Breast Invasive Carcinoma (validation);Cervical Squamous Cell Carcinoma and Endocervical Adenocarcinoma (TCGA);Colon Adenocarcinoma (TCGA),0.8333333333333334,1.0,13.0,20.0,0.0,2.0,True
Q9Y275,TNFSF13B,ENSG00000102524,Low cancer specificity,Detected in all,,0.0,0,31,Bladder Urothelial Carcinoma (TCGA);Breast Invasive Carcinoma (TCGA);Breast Invasive Carcinoma (validation);Cervical Squamous Cell Carcinoma and Endocervical Adenocarcinoma (TCGA);Colon Adenocarcinoma (TCGA),0.25,1.0,15.0,20.0,0.0,1.0,False
Q96BI1,SLC22A18,ENSG00000110628,Low cancer specificity,Detected in all,,0.0,0,31,Bladder Urothelial Carcinoma (TCGA);Breast Invasive Carcinoma (TCGA);Breast Invasive Carcinoma (validation);Cervical Squamous Cell Carcinoma and Endocervical Adenocarcinoma (TCGA);Colon Adenocarcinoma (TCGA),0.0,0.0,0.0,20.0,0.0,0.0,False
P00533,EGFR,ENSG00000146648,Cancer enriched,Detected in all,4,324.2,1,31,Bladder Urothelial Carcinoma (TCGA);Breast Invasive Carcinoma (TCGA);Breast Invasive Carcinoma (validation);Cervical Squamous Cell Carcinoma and Endocervical Adenocarcinoma (TCGA);Colon Adenocarcinoma (TCGA),0.5,0.9,8.0,20.0,0.0,1.0,True
P17861,XBP1,ENSG00000100219,Cancer enhanced,Detected in all,,1746.0,1,31,Bladder Urothelial Carcinoma (TCGA);Breast Invasive Carcinoma (TCGA);Breast Invasive Carcinoma (validation);Cervical Squamous Cell Carcinoma and Endocervical Adenocarcinoma (TCGA);Colon Adenocarcinoma (TCGA),0.0,0.0,,,,,True
Q9UEF7,KL,ENSG00000133116,Group enriched,Detected in many,6,28.3,3,13,Bladder Urothelial Carcinoma (TCGA);Breast Invasive Carcinoma (validation);Glioblastoma Multiforme (validation);Kidney Chromophobe (TCGA);Kidney Renal Clear Cell Carcinoma (TCGA),0.0,0.0,,,,,True
Q02978,SLC25A11,ENSG00000108528,Low cancer specificity,Detected in all,,0.0,0,31,Bladder Urothelial Carcinoma (TCGA);Breast Invasive Carcinoma (TCGA);Breast Invasive Carcinoma (validation);Cervical Squamous Cell Carcinoma and Endocervical Adenocarcinoma (TCGA);Colon Adenocarcinoma (TCGA),1.0,1.0,15.0,20.0,2.0,0.0,True
Q16394,EXT1,ENSG00000182197,Low cancer specificity,Detected in all,,0.0,0,31,Bladder Urothelial Carcinoma (TCGA);Breast Invasive Carcinoma (TCGA);Breast Invasive Carcinoma (validation);Cervical Squamous Cell Carcinoma and Endocervical Adenocarcinoma (TCGA);Colon Adenocarcinoma (TCGA),0.25,0.75,4.0,20.0,0.0,3.0,False
Q04912,MST1R,ENSG00000164078,Low cancer specificity,Detected in many,,0.0,0,27,Bladder Urothelial Carcinoma (TCGA);Breast Invasive Carcinoma (TCGA);Breast Invasive Carcinoma (validation);Cervical Squamous Cell Carcinoma and Endocervical Adenocarcinoma (TCGA);Colon Adenocarcinoma (TCGA),0.8333333333333334,1.0,13.0,20.0,1.0,0.0,True
P07949,RET,ENSG00000165731,Cancer enhanced,Detected in many,,20.0,1,18,Breast Invasive Carcinoma (TCGA);Breast Invasive Carcinoma (validation);Colon Adenocarcinoma (validation);Glioblastoma Multiforme (TCGA);Glioblastoma Multiforme (validation),0.75,1.0,4.0,20.0,0.0,1.0,True
P57738,TCTA,ENSG00000145022,Low cancer specificity,Detected in all,,0.0,0,31,Bladder Urothelial Carcinoma (TCGA);Breast Invasive Carcinoma (TCGA);Breast Invasive Carcinoma (validation);Cervical Squamous Cell Carcinoma and Endocervical Adenocarcinoma (TCGA);Colon Adenocarcinoma (TCGA),0.9166666666666666,1.0,18.0,20.0,2.0,0.0,True
P21802,FGFR2,ENSG00000066468,Low cancer specificity,Detected in all,,0.0,0,31,Bladder Urothelial Carcinoma (TCGA);Breast Invasive Carcinoma (TCGA);Breast Invasive Carcinoma (validation);Cervical Squamous Cell Carcinoma and Endocervical Adenocarcinoma (TCGA);Colon Adenocarcinoma (TCGA),0.4166666666666667,1.0,3.0,20.0,2.0,0.0,False
Q70SY1,CREB3L2,ENSG00000182158,Low cancer specificity,Detected in all,,0.0,0,31,Bladder Urothelial Carcinoma (TCGA);Breast Invasive Carcinoma (TCGA);Breast Invasive Carcinoma (validation);Cervical Squamous Cell Carcinoma and Endocervical Adenocarcinoma (TCGA);Colon Adenocarcinoma (TCGA),0.6,0.6,1.0,20.0,0.0,0.0,True
P41273,TNFSF9,ENSG00000125657,Low cancer specificity,Detected in many,,0.0,0,27,Bladder Urothelial Carcinoma (TCGA);Breast Invasive Carcinoma (TCGA);Breast Invasive Carcinoma (validation);Cervical Squamous Cell Carcinoma and Endocervical Adenocarcinoma (TCGA);Colon Adenocarcinoma (TCGA),0.0,0.0,,,,,False
P29320,EPHA3,ENSG00000044524,Low cancer specificity,Detected in many,,0.0,0,27,Bladder Urothelial Carcinoma (TCGA);Breast Invasive Carcinoma (TCGA);Breast Invasive Carcinoma (validation);Cervical Squamous Cell Carcinoma and Endocervical Adenocarcinoma (TCGA);Colon Adenocarcinoma (TCGA),0.0,0.5454545454545454,1.0,20.0,0.0,1.0,False
P16422,EPCAM,ENSG00000119888,Low cancer specificity,Detected in many,,0.0,0,29,Bladder Urothelial Carcinoma (TCGA);Breast Invasive Carcinoma (TCGA);Breast Invasive Carcinoma (validation);Cervical Squamous Cell Carcinoma and Endocervical Adenocarcinoma (TCGA);Colon Adenocarcinoma (TCGA),1.0,1.0,8.0,20.0,2.0,0.0,True
Q9HBX8,LGR6,ENSG00000133067,Cancer enhanced,Detected in many,,27.1,1,26,Bladder Urothelial Carcinoma (TCGA);Breast Invasive Carcinoma (TCGA);Breast Invasive Carcinoma (validation);Cervical Squamous Cell Carcinoma and Endocervical Adenocarcinoma (TCGA);Colon Adenocarcinoma (TCGA),0.08333333333333333,0.9090909090909091,5.0,20.0,0.0,1.0,True
P43489,TNFRSF4,ENSG00000186827,Low cancer specificity,Detected in all,,0.0,0,30,Bladder Urothelial Carcinoma (TCGA);Breast Invasive Carcinoma (TCGA);Breast Invasive Carcinoma (validation);Cervical Squamous Cell Carcinoma and Endocervical Adenocarcinoma (TCGA);Colon Adenocarcinoma (TCGA),0.09090909090909091,0.36363636363636365,0.0,20.0,1.0,2.0,False
Q8TDW4,ST7L,ENSG00000007341,Low cancer specificity,Detected in all,,0.0,0,31,Bladder Urothelial Carcinoma (TCGA);Breast Invasive Carcinoma (TCGA);Breast Invasive Carcinoma (validation);Cervical Squamous Cell Carcinoma and Endocervical Adenocarcinoma (TCGA);Colon Adenocarcinoma (TCGA),0.0,0.0,0.0,20.0,2.0,2.0,False
Q96KR6,FAM210B,ENSG00000124098,Low cancer specificity,Detected in all,,0.0,0,29,Bladder Urothelial Carcinoma (TCGA);Breast Invasive Carcinoma (TCGA);Cervical Squamous Cell Carcinoma and Endocervical Adenocarcinoma (TCGA);Colon Adenocarcinoma (TCGA);Colon Adenocarcinoma (validation),0.75,1.0,19.0,20.0,3.0,0.0,True
Q14435,GALNT3,ENSG00000115339,Low cancer specificity,Detected in all,,0.0,0,31,Bladder Urothelial Carcinoma (TCGA);Breast Invasive Carcinoma (TCGA);Breast Invasive Carcinoma (validation);Cervical Squamous Cell Carcinoma and Endocervical Adenocarcinoma (TCGA);Colon Adenocarcinoma (TCGA),1.0,1.0,13.0,20.0,0.0,2.0,True
P23510,TNFSF4,ENSG00000117586,Low cancer specificity,Detected in many,,0.0,0,30,Bladder Urothelial Carcinoma (TCGA);Breast Invasive Carcinoma (TCGA);Breast Invasive Carcinoma (validation);Cervical Squamous Cell Carcinoma and Endocervical Adenocarcinoma (TCGA);Colon Adenocarcinoma (TCGA),0.18181818181818182,0.7272727272727273,3.0,20.0,0.0,0.0,False
O14788,TNFSF11,ENSG00000120659,Cancer enhanced,Detected in many,,5.2,1,17,Bladder Urothelial Carcinoma (TCGA);Breast Invasive Carcinoma (TCGA);Breast Invasive Carcinoma (validation);Cervical Squamous Cell Carcinoma and Endocervical Adenocarcinoma (TCGA);Colon Adenocarcinoma (TCGA),0.1,0.1,0.0,20.0,0.0,0.0,False
Q8TDQ0,HAVCR2,ENSG00000135077,Cancer enhanced,Detected in all,,61.6,1,31,Bladder Urothelial Carcinoma (TCGA);Breast Invasive Carcinoma (TCGA);Breast Invasive Carcinoma (validation);Cervical Squamous Cell Carcinoma and Endocervical Adenocarcinoma (TCGA);Colon Adenocarcinoma (TCGA),0.0,0.09090909090909091,0.0,20.0,0.0,0.0,True
Q9Y5Y6,ST14,ENSG00000149418,Low cancer specificity,Detected in all,,0.0,0,31,Bladder Urothelial Carcinoma (TCGA);Breast Invasive Carcinoma (TCGA);Breast Invasive Carcinoma (validation);Cervical Squamous Cell Carcinoma and Endocervical Adenocarcinoma (TCGA);Colon Adenocarcinoma (TCGA),0.4166666666666667,0.6666666666666666,2.0,20.0,1.0,0.0,False
P10415,BCL2,ENSG00000171791,Low cancer specificity,Detected in many,,0.0,0,30,Bladder Urothelial Carcinoma (TCGA);Breast Invasive Carcinoma (TCGA);Breast Invasive Carcinoma (validation);Cervical Squamous Cell Carcinoma and Endocervical Adenocarcinoma (TCGA);Colon Adenocarcinoma (TCGA),0.5833333333333334,0.9166666666666666,6.0,20.0,2.0,1.0,True
Q96RJ3,TNFRSF13C,ENSG00000159958,Low cancer specificity,Detected in many,,0.0,0,20,Bladder Urothelial Carcinoma (TCGA);Breast Invasive Carcinoma (TCGA);Breast Invasive Carcinoma (validation);Cervical Squamous Cell Carcinoma and Endocervical Adenocarcinoma (TCGA);Colon Adenocarcinoma (TCGA),0.8333333333333334,1.0,1.0,20.0,1.0,0.0,True
Q8IUH5,ZDHHC17,ENSG00000186908,Low cancer specificity,Detected in all,,0.0,0,31,Bladder Urothelial Carcinoma (TCGA);Breast Invasive Carcinoma (TCGA);Breast Invasive Carcinoma (validation);Cervical Squamous Cell Carcinoma and Endocervical Adenocarcinoma (TCGA);Colon Adenocarcinoma (TCGA),0.8181818181818182,1.0,14.0,20.0,0.0,1.0,True
Q5H943,CT83,ENSG00000204019,Cancer enhanced,Detected in many,,15.9,2,14,Bladder Urothelial Carcinoma (TCGA);Breast Invasive Carcinoma (TCGA);Cervical Squamous Cell Carcinoma and Endocervical Adenocarcinoma (TCGA);Colon Adenocarcinoma (validation);Head and Neck Squamous Cell Carcinoma (TCGA),0.0,0.0,,,,,True
P00395,MT-CO1,ENSG00000198804,Low cancer specificity,Detected in all,,0.0,0,29,Bladder Urothelial Carcinoma (TCGA);Breast Invasive Carcinoma (TCGA);Cervical Squamous Cell Carcinoma and Endocervical Adenocarcinoma (TCGA);Colon Adenocarcinoma (TCGA);Colon Adenocarcinoma (validation),0.75,1.0,18.0,20.0,1.0,0.0,True
P01857,IGHG1,ENSG00000211896,Low cancer specificity,Detected in all,,0.0,0,29,Bladder Urothelial Carcinoma (TCGA);Breast Invasive Carcinoma (TCGA);Cervical Squamous Cell Carcinoma and Endocervical Adenocarcinoma (TCGA);Colon Adenocarcinoma (TCGA);Colon Adenocarcinoma (validation),0.4166666666666667,0.6666666666666666,10.0,20.0,1.0,1.0,False
P15941,MUC1,ENSG00000185499,Low cancer specificity,Detected in all,,0.0,0,31,Bladder Urothelial Carcinoma (TCGA);Breast Invasive Carcinoma (TCGA);Breast Invasive Carcinoma (validation);Cervical Squamous Cell Carcinoma and Endocervical Adenocarcinoma (TCGA);Colon Adenocarcinoma (TCGA),1.0,1.0,12.0,20.0,0.0,1.0,True
P04626,ERBB2,ENSG00000141736,Low cancer specificity,Detected in all,,0.0,0,31,Bladder Urothelial Carcinoma (TCGA);Breast Invasive Carcinoma (TCGA);Breast Invasive Carcinoma (validation);Cervical Squamous Cell Carcinoma and Endocervical Adenocarcinoma (TCGA);Colon Adenocarcinoma (TCGA),0.36363636363636365,0.5454545454545454,1.0,20.0,1.0,2.0,False
Q9H0U3,MAGT1,ENSG00000102158,Low cancer specificity,Detected in all,,0.0,0,31,Bladder Urothelial Carcinoma (TCGA);Breast Invasive Carcinoma (TCGA);Breast Invasive Carcinoma (validation);Cervical Squamous Cell Carcinoma and Endocervical Adenocarcinoma (TCGA);Colon Adenocarcinoma (TCGA),0.75,1.0,11.0,20.0,0.0,3.0,True
Q9Y5U5,TNFRSF18,ENSG00000186891,Low cancer specificity,Detected in many,,0.0,0,29,Bladder Urothelial Carcinoma (TCGA);Breast Invasive Carcinoma (TCGA);Breast Invasive Carcinoma (validation);Cervical Squamous Cell Carcinoma and Endocervical Adenocarcinoma (TCGA);Colon Adenocarcinoma (TCGA),0.25,0.6666666666666666,1.0,20.0,2.0,1.0,False
Q15743,GPR68,ENSG00000119714,Low cancer specificity,Detected in many,,0.0,0,28,Bladder Urothelial Carcinoma (TCGA);Breast Invasive Carcinoma (TCGA);Breast Invasive Carcinoma (validation);Cervical Squamous Cell Carcinoma and Endocervical Adenocarcinoma (TCGA);Colon Adenocarcinoma (TCGA),0.0,0.0,,,,,False
P06241,FYN,ENSG00000010810,Cancer enhanced,Detected in all,,182.7,1,31,Bladder Urothelial Carcinoma (TCGA);Breast Invasive Carcinoma (TCGA);Breast Invasive Carcinoma (validation);Cervical Squamous Cell Carcinoma and Endocervical Adenocarcinoma (TCGA);Colon Adenocarcinoma (TCGA),0.3333333333333333,0.4166666666666667,0.0,20.0,2.0,1.0,True
Q9Y3M8,STARD13,ENSG00000133121,Low cancer specificity,Detected in all,,0.0,0,31,Bladder Urothelial Carcinoma (TCGA);Breast Invasive Carcinoma (TCGA);Breast Invasive Carcinoma (validation);Cervical Squamous Cell Carcinoma and Endocervical Adenocarcinoma (TCGA);Colon Adenocarcinoma (TCGA),0.36363636363636365,0.9166666666666666,11.0,20.0,0.0,1.0,False
P40337,VHL,ENSG00000134086,Low cancer specificity,Detected in all,,0.0,0,31,Bladder Urothelial Carcinoma (TCGA);Breast Invasive Carcinoma (TCGA);Breast Invasive Carcinoma (validation);Cervical Squamous Cell Carcinoma and Endocervical Adenocarcinoma (TCGA);Colon Adenocarcinoma (TCGA),1.0,1.0,18.0,20.0,1.0,2.0,True
Q9UJM3,ERRFI1,ENSG00000116285,Low cancer specificity,Detected in all,,0.0,0,31,Bladder Urothelial Carcinoma (TCGA);Breast Invasive Carcinoma (TCGA);Breast Invasive Carcinoma (validation);Cervical Squamous Cell Carcinoma and Endocervical Adenocarcinoma (TCGA);Colon Adenocarcinoma (TCGA),0.0,0.0,,,,,False
P30414,NKTR,ENSG00000114857,Low cancer specificity,Detected in all,,0.0,0,31,Bladder Urothelial Carcinoma (TCGA);Breast Invasive Carcinoma (TCGA);Breast Invasive Carcinoma (validation);Cervical Squamous Cell Carcinoma and Endocervical Adenocarcinoma (TCGA);Colon Adenocarcinoma (TCGA),0.9090909090909091,1.0,17.0,20.0,2.0,2.0,True
Q05655,PRKCD,ENSG00000163932,Low cancer specificity,Detected in all,,0.0,0,31,Bladder Urothelial Carcinoma (TCGA);Breast Invasive Carcinoma (TCGA);Breast Invasive Carcinoma (validation);Cervical Squamous Cell Carcinoma and Endocervical Adenocarcinoma (TCGA);Colon Adenocarcinoma (TCGA),1.0,1.0,18.0,20.0,1.0,1.0,True
Q9NZQ3,NCKIPSD,ENSG00000213672,Low cancer specificity,Detected in all,,0.0,0,31,Bladder Urothelial Carcinoma (TCGA);Breast Invasive Carcinoma (TCGA);Breast Invasive Carcinoma (validation);Cervical Squamous Cell Carcinoma and Endocervical Adenocarcinoma (TCGA);Colon Adenocarcinoma (TCGA),0.0,0.0,,,,,False
Q99961,SH3GL1,ENSG00000141985,Low cancer specificity,Detected in all,,0.0,0,31,Bladder Urothelial Carcinoma (TCGA);Breast Invasive Carcinoma (TCGA);Breast Invasive Carcinoma (validation);Cervical Squamous Cell Carcinoma and Endocervical Adenocarcinoma (TCGA);Colon Adenocarcinoma (TCGA),0.36363636363636365,0.8181818181818182,8.0,20.0,2.0,2.0,False
P01112,HRAS,ENSG00000174775,Low cancer specificity,Detected in all,,0.0,0,31,Bladder Urothelial Carcinoma (TCGA);Breast Invasive Carcinoma (TCGA);Breast Invasive Carcinoma (validation);Cervical Squamous Cell Carcinoma and Endocervical Adenocarcinoma (TCGA);Colon Adenocarcinoma (TCGA),0.2222222222222222,0.5833333333333334,3.0,20.0,0.0,1.0,False
Q9BZE9,ASPSCR1,ENSG00000169696,Low cancer specificity,Detected in all,,0.0,0,31,Bladder Urothelial Carcinoma (TCGA);Breast Invasive Carcinoma (TCGA);Breast Invasive Carcinoma (validation);Cervical Squamous Cell Carcinoma and Endocervical Adenocarcinoma (TCGA);Colon Adenocarcinoma (TCGA),0.0,0.8181818181818182,9.0,20.0,2.0,1.0,False
P16591,FER,ENSG00000151422,Low cancer specificity,Detected in all,,0.0,0,31,Bladder Urothelial Carcinoma (TCGA);Breast Invasive Carcinoma (TCGA);Breast Invasive Carcinoma (validation);Cervical Squamous Cell Carcinoma and Endocervical Adenocarcinoma (TCGA);Colon Adenocarcinoma (TCGA),1.0,1.0,20.0,20.0,1.0,0.0,True
O95980,RECK,ENSG00000122707,Low cancer specificity,Detected in all,,0.0,0,31,Bladder Urothelial Carcinoma (TCGA);Breast Invasive Carcinoma (TCGA);Breast Invasive Carcinoma (validation);Cervical Squamous Cell Carcinoma and Endocervical Adenocarcinoma (TCGA);Colon Adenocarcinoma (TCGA),0.0,0.0,0.0,20.0,0.0,1.0,False
P41743,PRKCI,ENSG00000163558,Low cancer specificity,Detected in all,,0.0,0,31,Bladder Urothelial Carcinoma (TCGA);Breast Invasive Carcinoma (TCGA);Breast Invasive Carcinoma (validation);Cervical Squamous Cell Carcinoma and Endocervical Adenocarcinoma (TCGA);Colon Adenocarcinoma (TCGA),0.3333333333333333,0.75,7.0,20.0,1.0,3.0,False
Q53GL0,PLEKHO1,ENSG00000023902,Low cancer specificity,Detected in all,,0.0,0,31,Bladder Urothelial Carcinoma (TCGA);Breast Invasive Carcinoma (TCGA);Breast Invasive Carcinoma (validation);Cervical Squamous Cell Carcinoma and Endocervical Adenocarcinoma (TCGA);Colon Adenocarcinoma (TCGA),0.0,0.0,,,,,False
Q99732,LITAF,ENSG00000189067,Low cancer specificity,Detected in all,,0.0,0,31,Bladder Urothelial Carcinoma (TCGA);Breast Invasive Carcinoma (TCGA);Breast Invasive Carcinoma (validation);Cervical Squamous Cell Carcinoma and Endocervical Adenocarcinoma (TCGA);Colon Adenocarcinoma (TCGA),0.16666666666666666,0.8333333333333334,3.0,20.0,0.0,2.0,False
P17252,PRKCA,ENSG00000154229,Low cancer specificity,Detected in all,,0.0,0,31,Bladder Urothelial Carcinoma (TCGA);Breast Invasive Carcinoma (TCGA);Breast Invasive Carcinoma (validation);Cervical Squamous Cell Carcinoma and Endocervical Adenocarcinoma (TCGA);Colon Adenocarcinoma (TCGA),0.0,0.3333333333333333,0.0,20.0,0.0,0.0,False
Q9Y250,LZTS1,ENSG00000061337,Cancer enhanced,Detected in all,,99.3,1,31,Bladder Urothelial Carcinoma (TCGA);Breast Invasive Carcinoma (TCGA);Breast Invasive Carcinoma (validation);Cervical Squamous Cell Carcinoma and Endocervical Adenocarcinoma (TCGA);Colon Adenocarcinoma (TCGA),0.5833333333333334,1.0,19.0,20.0,0.0,2.0,True
P61006,RAB8A,ENSG00000167461,Low cancer specificity,Detected in all,,0.0,0,31,Bladder Urothelial Carcinoma (TCGA);Breast Invasive Carcinoma (TCGA);Breast Invasive Carcinoma (validation);Cervical Squamous Cell Carcinoma and Endocervical Adenocarcinoma (TCGA);Colon Adenocarcinoma (TCGA),0.0,0.0,,,,,False
Q8N653,LZTR1,ENSG00000099949,Low cancer specificity,Detected in all,,0.0,0,31,Bladder Urothelial Carcinoma (TCGA);Breast Invasive Carcinoma (TCGA);Breast Invasive Carcinoma (validation);Cervical Squamous Cell Carcinoma and Endocervical Adenocarcinoma (TCGA);Colon Adenocarcinoma (TCGA),0.08333333333333333,0.16666666666666666,0.0,20.0,0.0,1.0,False
Q9GZV5,WWTR1,ENSG00000018408,Low cancer specificity,Detected in all,,0.0,0,31,Bladder Urothelial Carcinoma (TCGA);Breast Invasive Carcinoma (TCGA);Breast Invasive Carcinoma (validation);Cervical Squamous Cell Carcinoma and Endocervical Adenocarcinoma (TCGA);Colon Adenocarcinoma (TCGA),0.8181818181818182,1.0,20.0,20.0,0.0,0.0,True
O75030,MITF,ENSG00000187098,Cancer enhanced,Detected in all,,98.6,1,31,Bladder Urothelial Carcinoma (TCGA);Breast Invasive Carcinoma (TCGA);Breast Invasive Carcinoma (validation);Cervical Squamous Cell Carcinoma and Endocervical Adenocarcinoma (TCGA);Colon Adenocarcinoma (TCGA),0.5555555555555556,0.8888888888888888,2.0,20.0,1.0,0.0,True
P11802,CDK4,ENSG00000135446,Cancer enriched,Detected in all,5,998.2,1,31,Bladder Urothelial Carcinoma (TCGA);Breast Invasive Carcinoma (TCGA);Breast Invasive Carcinoma (validation);Cervical Squamous Cell Carcinoma and Endocervical Adenocarcinoma (TCGA);Colon Adenocarcinoma (TCGA),0.5,0.75,10.0,20.0,0.0,2.0,True
P07332,FES,ENSG00000182511,Low cancer specificity,Detected in all,,0.0,0,31,Bladder Urothelial Carcinoma (TCGA);Breast Invasive Carcinoma (TCGA);Breast Invasive Carcinoma (validation);Cervical Squamous Cell Carcinoma and Endocervical Adenocarcinoma (TCGA);Colon Adenocarcinoma (TCGA),0.16666666666666666,1.0,1.0,20.0,0.0,1.0,False
P09769,FGR,ENSG00000000938,Low cancer specificity,Detected in all,,0.0,0,31,Bladder Urothelial Carcinoma (TCGA);Breast Invasive Carcinoma (TCGA);Breast Invasive Carcinoma (validation);Cervical Squamous Cell Carcinoma and Endocervical Adenocarcinoma (TCGA);Colon Adenocarcinoma (TCGA),0.0,0.6666666666666666,2.0,20.0,0.0,0.0,False
P62070,RRAS2,ENSG00000133818,Low cancer specificity,Detected in all,,0.0,0,31,Bladder Urothelial Carcinoma (TCGA);Breast Invasive Carcinoma (TCGA);Breast Invasive Carcinoma (validation);Cervical Squamous Cell Carcinoma and Endocervical Adenocarcinoma (TCGA);Colon Adenocarcinoma (TCGA),0.09090909090909091,1.0,12.0,20.0,0.0,3.0,False
Q13492,PICALM,ENSG00000073921,Low cancer specificity,Detected in all,,0.0,0,31,Bladder Urothelial Carcinoma (TCGA);Breast Invasive Carcinoma (TCGA);Breast Invasive Carcinoma (validation);Cervical Squamous Cell Carcinoma and Endocervical Adenocarcinoma (TCGA);Colon Adenocarcinoma (TCGA),0.8181818181818182,1.0,20.0,20.0,1.0,1.0,True
O95672,ECEL1,ENSG00000171551,Cancer enriched,Detected in many,4,31.4,1,23,Bladder Urothelial Carcinoma (TCGA);Breast Invasive Carcinoma (TCGA);Breast Invasive Carcinoma (validation);Cervical Squamous Cell Carcinoma and Endocervical Adenocarcinoma (TCGA);Glioblastoma Multiforme (TCGA),0.0,0.3,0.0,20.0,0.0,0.0,True
Q6UXK5,LRRN1,ENSG00000175928,Cancer enhanced,Detected in many,,23.6,1,22,Bladder Urothelial Carcinoma (TCGA);Breast Invasive Carcinoma (TCGA);Breast Invasive Carcinoma (validation);Cervical Squamous Cell Carcinoma and Endocervical Adenocarcinoma (TCGA);Colon Adenocarcinoma (validation),0.18181818181818182,0.8181818181818182,10.0,20.0,0.0,0.0,True
Q13410,BTN1A1,ENSG00000124557,Not detected,Not detected,,0.0,0,0,,0.0,0.0,0.0,20.0,0.0,0.0,False
Q9H4D0,CLSTN2,ENSG00000158258,Group enriched,Detected in many,5,23.9,2,17,Bladder Urothelial Carcinoma (TCGA);Breast Invasive Carcinoma (TCGA);Breast Invasive Carcinoma (validation);Colon Adenocarcinoma (validation);Glioblastoma Multiforme (TCGA),0.0,0.0,0.0,20.0,0.0,0.0,True
Q14126,DSG2,ENSG00000046604,Low cancer specificity,Detected in all,,0.0,0,31,Bladder Urothelial Carcinoma (TCGA);Breast Invasive Carcinoma (TCGA);Breast Invasive Carcinoma (validation);Cervical Squamous Cell Carcinoma and Endocervical Adenocarcinoma (TCGA);Colon Adenocarcinoma (TCGA),1.0,1.0,16.0,20.0,2.0,4.0,True
P54855,UGT2B15,ENSG00000196620,Cancer enriched,Detected in many,6,78.3,1,14,Bladder Urothelial Carcinoma (TCGA);Breast Invasive Carcinoma (TCGA);Breast Invasive Carcinoma (validation);Colon Adenocarcinoma (TCGA);Colon Adenocarcinoma (validation),0.0,0.09090909090909091,0.0,20.0,2.0,0.0,True
Q08174,PCDH1,ENSG00000156453,Low cancer specificity,Detected in all,,0.0,0,31,Bladder Urothelial Carcinoma (TCGA);Breast Invasive Carcinoma (TCGA);Breast Invasive Carcinoma (validation);Cervical Squamous Cell Carcinoma and Endocervical Adenocarcinoma (TCGA);Colon Adenocarcinoma (TCGA),0.08333333333333333,0.5,1.0,20.0,1.0,2.0,False
P14770,GP9,ENSG00000169704,Not detected,Not detected,,0.0,0,0,,0.0,0.08333333333333333,0.0,20.0,0.0,0.0,False
Q9NPF0,CD320,ENSG00000167775,Low cancer specificity,Detected in all,,0.0,0,31,Bladder Urothelial Carcinoma (TCGA);Breast Invasive Carcinoma (TCGA);Breast Invasive Carcinoma (validation);Cervical Squamous Cell Carcinoma and Endocervical Adenocarcinoma (TCGA);Colon Adenocarcinoma (TCGA),0.0,0.25,0.0,20.0,0.0,1.0,False
Q9P126,CLEC1B,ENSG00000165682,Not detected,Not detected,,0.0,0,3,Colon Adenocarcinoma (validation);Liver Hepatocellular Carcinoma (validation);Rectum Adenocarcinoma (validation),0.25,0.25,0.0,20.0,0.0,0.0,False
O95206,PCDH8,ENSG00000136099,Cancer enhanced,Detected in single,,3.0,1,2,Glioblastoma Multiforme (TCGA);Glioblastoma Multiforme (validation),0.75,1.0,10.0,20.0,0.0,0.0,True
Q6ZRH7,CATSPERG,ENSG00000099338,Low cancer specificity,Detected in single,,0.0,0,6,Breast Invasive Carcinoma (validation);Glioblastoma Multiforme (validation);Kidney Renal Papillary Cell Carcinoma (TCGA);Liver Hepatocellular Carcinoma (validation);Ovary Serous Cystadenocarcinoma (validation),0.0,0.0,,,,,False
P55291,CDH15,ENSG00000129910,Cancer enhanced,Detected in some,,2.4,1,6,Glioblastoma Multiforme (TCGA);Glioblastoma Multiforme (validation);Liver Hepatocellular Carcinoma (TCGA);Liver Hepatocellular Carcinoma (validation);Lung Adenocarcinoma (TCGA),0.0,0.0,0.0,20.0,0.0,0.0,False
Q14162,SCARF1,ENSG00000074660,Low cancer specificity,Detected in many,,0.0,0,26,Bladder Urothelial Carcinoma (TCGA);Breast Invasive Carcinoma (TCGA);Breast Invasive Carcinoma (validation);Cervical Squamous Cell Carcinoma and Endocervical Adenocarcinoma (TCGA);Colon Adenocarcinoma (TCGA),0.0,0.4166666666666667,0.0,20.0,0.0,0.0,False
Q8IUW5,RELL1,ENSG00000181826,Low cancer specificity,Detected in all,,0.0,0,31,Bladder Urothelial Carcinoma (TCGA);Breast Invasive Carcinoma (TCGA);Breast Invasive Carcinoma (validation);Cervical Squamous Cell Carcinoma and Endocervical Adenocarcinoma (TCGA);Colon Adenocarcinoma (TCGA),0.5,1.0,12.0,20.0,0.0,0.0,True
Q12797,ASPH,ENSG00000198363,Low cancer specificity,Detected in all,,0.0,0,31,Bladder Urothelial Carcinoma (TCGA);Breast Invasive Carcinoma (TCGA);Breast Invasive Carcinoma (validation);Cervical Squamous Cell Carcinoma and Endocervical Adenocarcinoma (TCGA);Colon Adenocarcinoma (TCGA),0.6,0.8333333333333334,13.0,20.0,0.0,5.0,True
Q9GZY4,COA1,ENSG00000106603,Low cancer specificity,Detected in all,,0.0,0,29,Bladder Urothelial Carcinoma (TCGA);Breast Invasive Carcinoma (TCGA);Cervical Squamous Cell Carcinoma and Endocervical Adenocarcinoma (TCGA);Colon Adenocarcinoma (TCGA);Colon Adenocarcinoma (validation),1.0,1.0,17.0,20.0,0.0,1.0,True
O43570,CA12,ENSG00000074410,Cancer enriched,Detected in all,4,881.0,1,31,Bladder Urothelial Carcinoma (TCGA);Breast Invasive Carcinoma (TCGA);Breast Invasive Carcinoma (validation);Cervical Squamous Cell Carcinoma and Endocervical Adenocarcinoma (TCGA);Colon Adenocarcinoma (TCGA),0.09090909090909091,0.5833333333333334,2.0,20.0,0.0,1.0,True
Q02846,GUCY2D,ENSG00000132518,Not detected,Not detected,,0.0,0,0,,0.0,0.0,,,,,False
Q15388,TOMM20,ENSG00000173726,Low cancer specificity,Detected in all,,0.0,0,31,Bladder Urothelial Carcinoma (TCGA);Breast Invasive Carcinoma (TCGA);Breast Invasive Carcinoma (validation);Cervical Squamous Cell Carcinoma and Endocervical Adenocarcinoma (TCGA);Colon Adenocarcinoma (TCGA),1.0,1.0,20.0,20.0,0.0,0.0,True
A0A1B0GV85,REELD1,ENSG00000250673,Not detected,Not detected,,0.0,0,1,Glioblastoma Multiforme (validation),0.0,0.0,,,,,False
Q9NP99,TREM1,ENSG00000124731,Cancer enhanced,Detected in many,,59.5,1,29,Bladder Urothelial Carcinoma (TCGA);Breast Invasive Carcinoma (TCGA);Breast Invasive Carcinoma (validation);Cervical Squamous Cell Carcinoma and Endocervical Adenocarcinoma (TCGA);Colon Adenocarcinoma (TCGA),0.5,1.0,18.0,20.0,0.0,0.0,True
Q96SE0,ABHD1,ENSG00000143994,Not detected,Not detected,,0.0,0,4,Breast Invasive Carcinoma (validation);Glioblastoma Multiforme (validation);Liver Hepatocellular Carcinoma (validation);Ovary Serous Cystadenocarcinoma (validation),0.5,1.0,10.0,20.0,0.0,0.0,True
A0A5B9,TRBC2,ENSG00000211772,Low cancer specificity,Detected in single,,0.0,0,9,Colon Adenocarcinoma (validation);Glioblastoma Multiforme (validation);Kidney Renal Clear Cell Carcinoma (validation);Lung Adenocarcinoma (validation);Lung Squamous Cell Carcinoma (validation),0.0,0.0,,,,,False
O75477,ERLIN1,ENSG00000107566,Low cancer specificity,Detected in all,,0.0,0,31,Bladder Urothelial Carcinoma (TCGA);Breast Invasive Carcinoma (TCGA);Breast Invasive Carcinoma (validation);Cervical Squamous Cell Carcinoma and Endocervical Adenocarcinoma (TCGA);Colon Adenocarcinoma (TCGA),0.6666666666666666,1.0,17.0,20.0,0.0,1.0,True
Q96JQ2,CLMN,ENSG00000165959,Low cancer specificity,Detected in all,,0.0,0,31,Bladder Urothelial Carcinoma (TCGA);Breast Invasive Carcinoma (TCGA);Breast Invasive Carcinoma (validation);Cervical Squamous Cell Carcinoma and Endocervical Adenocarcinoma (TCGA);Colon Adenocarcinoma (TCGA),0.08333333333333333,0.8333333333333334,5.0,20.0,1.0,0.0,False
Q8NBI6,XXYLT1,ENSG00000173950,Low cancer specificity,Detected in all,,0.0,0,29,Bladder Urothelial Carcinoma (TCGA);Breast Invasive Carcinoma (TCGA);Cervical Squamous Cell Carcinoma and Endocervical Adenocarcinoma (TCGA);Colon Adenocarcinoma (TCGA);Colon Adenocarcinoma (validation),0.0,0.0,,,,,False
Q68CQ7,GLT8D1,ENSG00000016864,Low cancer specificity,Detected in all,,0.0,0,31,Bladder Urothelial Carcinoma (TCGA);Breast Invasive Carcinoma (TCGA);Breast Invasive Carcinoma (validation);Cervical Squamous Cell Carcinoma and Endocervical Adenocarcinoma (TCGA);Colon Adenocarcinoma (TCGA),0.25,0.75,5.0,20.0,1.0,0.0,False
O94898,LRIG2,ENSG00000198799,Low cancer specificity,Detected in many,,0.0,0,30,Bladder Urothelial Carcinoma (TCGA);Breast Invasive Carcinoma (TCGA);Breast Invasive Carcinoma (validation);Cervical Squamous Cell Carcinoma and Endocervical Adenocarcinoma (TCGA);Colon Adenocarcinoma (TCGA),0.0,1.0,1.0,20.0,0.0,1.0,False
P98153,DGCR2,ENSG00000070413,Low cancer specificity,Detected in all,,0.0,0,31,Bladder Urothelial Carcinoma (TCGA);Breast Invasive Carcinoma (TCGA);Breast Invasive Carcinoma (validation);Cervical Squamous Cell Carcinoma and Endocervical Adenocarcinoma (TCGA);Colon Adenocarcinoma (TCGA),0.0,0.0,0.0,20.0,1.0,0.0,False
Q8IUN9,CLEC10A,ENSG00000132514,Low cancer specificity,Detected in many,,0.0,0,30,Bladder Urothelial Carcinoma (TCGA);Breast Invasive Carcinoma (TCGA);Breast Invasive Carcinoma (validation);Cervical Squamous Cell Carcinoma and Endocervical Adenocarcinoma (TCGA);Colon Adenocarcinoma (TCGA),0.0,0.09090909090909091,0.0,20.0,2.0,1.0,False
Q86UF2,CTAGE6,ENSG00000271321,Not detected,Not detected,,0.0,0,2,Breast Invasive Carcinoma (validation);Glioblastoma Multiforme (validation),1.0,1.0,16.0,20.0,0.0,0.0,True
Q9BRQ8,AIFM2,ENSG00000042286,Low cancer specificity,Detected in all,,0.0,0,31,Bladder Urothelial Carcinoma (TCGA);Breast Invasive Carcinoma (TCGA);Breast Invasive Carcinoma (validation);Cervical Squamous Cell Carcinoma and Endocervical Adenocarcinoma (TCGA);Colon Adenocarcinoma (TCGA),0.0,0.3333333333333333,0.0,20.0,2.0,0.0,False
P81605,DCD,ENSG00000161634,Cancer enriched,Detected in some,9,332.5,1,5,Breast Invasive Carcinoma (TCGA);Breast Invasive Carcinoma (validation);Skin Cutaneous Melanoma (TCGA);Stomach Adenocarcinoma (TCGA);Uterine Corpus Endometrial Carcinoma (TCGA),0.1,0.1,0.0,20.0,0.0,0.0,True
Q6P9G4,TMEM154,ENSG00000170006,Cancer enhanced,Detected in many,,20.4,1,26,Bladder Urothelial Carcinoma (TCGA);Breast Invasive Carcinoma (TCGA);Breast Invasive Carcinoma (validation);Cervical Squamous Cell Carcinoma and Endocervical Adenocarcinoma (TCGA);Colon Adenocarcinoma (TCGA),0.2727272727272727,0.6363636363636364,1.0,20.0,0.0,0.0,True
Q9NPC4,A4GALT,ENSG00000128274,Low cancer specificity,Detected in all,,0.0,0,31,Bladder Urothelial Carcinoma (TCGA);Breast Invasive Carcinoma (TCGA);Breast Invasive Carcinoma (validation);Cervical Squamous Cell Carcinoma and Endocervical Adenocarcinoma (TCGA);Colon Adenocarcinoma (TCGA),0.0,0.0,,,,,False
Q14626,IL11RA,ENSG00000137070,Low cancer specificity,Detected in all,,0.0,0,31,Bladder Urothelial Carcinoma (TCGA);Breast Invasive Carcinoma (TCGA);Breast Invasive Carcinoma (validation);Cervical Squamous Cell Carcinoma and Endocervical Adenocarcinoma (TCGA);Colon Adenocarcinoma (TCGA),0.3333333333333333,1.0,18.0,20.0,0.0,1.0,False
P78324,SIRPA,ENSG00000198053,Low cancer specificity,Detected in all,,0.0,0,31,Bladder Urothelial Carcinoma (TCGA);Breast Invasive Carcinoma (TCGA);Breast Invasive Carcinoma (validation);Cervical Squamous Cell Carcinoma and Endocervical Adenocarcinoma (TCGA);Colon Adenocarcinoma (TCGA),0.7,1.0,9.0,20.0,0.0,0.0,True
Q9UN73,PCDHA6,ENSG00000081842,Low cancer specificity,Detected in some,,0.0,0,8,Breast Invasive Carcinoma (TCGA);Breast Invasive Carcinoma (validation);Glioblastoma Multiforme (TCGA);Glioblastoma Multiforme (validation);Liver Hepatocellular Carcinoma (validation),0.0,0.0,0.0,20.0,0.0,0.0,False
Q8IVU1,IGDCC3,ENSG00000174498,Group enriched,Detected in some,5,10.7,2,8,Bladder Urothelial Carcinoma (TCGA);Breast Invasive Carcinoma (TCGA);Breast Invasive Carcinoma (validation);Glioblastoma Multiforme (TCGA);Glioblastoma Multiforme (validation),0.0,0.0,,,,,True
Q9Y644,RFNG,ENSG00000169733,Low cancer specificity,Detected in all,,0.0,0,31,Bladder Urothelial Carcinoma (TCGA);Breast Invasive Carcinoma (TCGA);Breast Invasive Carcinoma (validation);Cervical Squamous Cell Carcinoma and Endocervical Adenocarcinoma (TCGA);Colon Adenocarcinoma (TCGA),0.0,0.5454545454545454,1.0,20.0,1.0,0.0,False
Q13477,MADCAM1,ENSG00000099866,Cancer enhanced,Detected in some,,4.9,1,9,Breast Invasive Carcinoma (validation);Colon Adenocarcinoma (TCGA);Colon Adenocarcinoma (validation);Glioblastoma Multiforme (TCGA);Pancreatic Adenocarcinoma (TCGA),0.16666666666666666,0.25,0.0,20.0,0.0,0.0,False
P01833,PIGR,ENSG00000162896,Cancer enhanced,Detected in many,,881.6,2,28,Bladder Urothelial Carcinoma (TCGA);Breast Invasive Carcinoma (TCGA);Breast Invasive Carcinoma (validation);Cervical Squamous Cell Carcinoma and Endocervical Adenocarcinoma (TCGA);Colon Adenocarcinoma (TCGA),0.9166666666666666,0.9166666666666666,8.0,20.0,3.0,0.0,True
P78383,SLC35B1,ENSG00000121073,Low cancer specificity,Detected in all,,0.0,0,31,Bladder Urothelial Carcinoma (TCGA);Breast Invasive Carcinoma (TCGA);Breast Invasive Carcinoma (validation);Cervical Squamous Cell Carcinoma and Endocervical Adenocarcinoma (TCGA);Colon Adenocarcinoma (TCGA),0.3333333333333333,0.5833333333333334,1.0,20.0,0.0,1.0,False
Q9Y694,SLC22A7,ENSG00000137204,Cancer enriched,Detected in some,18,164.0,1,5,Kidney Renal Clear Cell Carcinoma (TCGA);Kidney Renal Clear Cell Carcinoma (validation);Kidney Renal Papillary Cell Carcinoma (TCGA);Liver Hepatocellular Carcinoma (TCGA);Liver Hepatocellular Carcinoma (validation),0.3333333333333333,0.6666666666666666,1.0,20.0,2.0,0.0,True
Q9H339,OR51B5,ENSG00000167355,Not detected,Not detected,,0.0,0,0,,0.0,0.0,0.0,20.0,0.0,0.0,False
Q63HM2,PCNX4,ENSG00000126773,Low cancer specificity,Detected in all,,0.0,0,29,Bladder Urothelial Carcinoma (TCGA);Breast Invasive Carcinoma (TCGA);Cervical Squamous Cell Carcinoma and Endocervical Adenocarcinoma (TCGA);Colon Adenocarcinoma (TCGA);Colon Adenocarcinoma (validation),1.0,1.0,20.0,20.0,1.0,0.0,True
Q6QAJ8,TMEM220,ENSG00000187824,Low cancer specificity,Detected in all,,0.0,0,31,Bladder Urothelial Carcinoma (TCGA);Breast Invasive Carcinoma (TCGA);Breast Invasive Carcinoma (validation);Cervical Squamous Cell Carcinoma and Endocervical Adenocarcinoma (TCGA);Colon Adenocarcinoma (TCGA),0.0,0.0,,,,,False
Q9Y5Y5,PEX16,ENSG00000121680,Low cancer specificity,Detected in all,,0.0,0,31,Bladder Urothelial Carcinoma (TCGA);Breast Invasive Carcinoma (TCGA);Breast Invasive Carcinoma (validation);Cervical Squamous Cell Carcinoma and Endocervical Adenocarcinoma (TCGA);Colon Adenocarcinoma (TCGA),0.0,0.6363636363636364,1.0,20.0,1.0,0.0,False
Q8TCT6,SPPL3,ENSG00000157837,Low cancer specificity,Detected in all,,0.0,0,31,Bladder Urothelial Carcinoma (TCGA);Breast Invasive Carcinoma (TCGA);Breast Invasive Carcinoma (validation);Cervical Squamous Cell Carcinoma and Endocervical Adenocarcinoma (TCGA);Colon Adenocarcinoma (TCGA),0.0,0.2727272727272727,0.0,20.0,0.0,1.0,False
O76082,SLC22A5,ENSG00000197375,Low cancer specificity,Detected in all,,0.0,0,31,Bladder Urothelial Carcinoma (TCGA);Breast Invasive Carcinoma (TCGA);Breast Invasive Carcinoma (validation);Cervical Squamous Cell Carcinoma and Endocervical Adenocarcinoma (TCGA);Colon Adenocarcinoma (TCGA),0.0,0.0,,,,,False
Q9NQ90,ANO2,ENSG00000047617,Cancer enhanced,Detected in some,,8.7,1,12,Breast Invasive Carcinoma (TCGA);Breast Invasive Carcinoma (validation);Colon Adenocarcinoma (validation);Glioblastoma Multiforme (validation);Kidney Renal Clear Cell Carcinoma (TCGA),0.0,0.08333333333333333,0.0,20.0,0.0,0.0,False
O15403,SLC16A6,ENSG00000108932,Group enriched,Detected in many,5,21.9,2,28,Bladder Urothelial Carcinoma (TCGA);Breast Invasive Carcinoma (TCGA);Breast Invasive Carcinoma (validation);Cervical Squamous Cell Carcinoma and Endocervical Adenocarcinoma (TCGA);Colon Adenocarcinoma (validation),0.1,0.5,1.0,20.0,0.0,0.0,True
P29033,GJB2,ENSG00000165474,Cancer enhanced,Detected in many,,656.4,1,30,Bladder Urothelial Carcinoma (TCGA);Breast Invasive Carcinoma (TCGA);Breast Invasive Carcinoma (validation);Cervical Squamous Cell Carcinoma and Endocervical Adenocarcinoma (TCGA);Colon Adenocarcinoma (TCGA),0.4166666666666667,0.5833333333333334,9.0,20.0,0.0,4.0,True
Q9UL54,TAOK2,ENSG00000149930,Low cancer specificity,Detected in all,,0.0,0,31,Bladder Urothelial Carcinoma (TCGA);Breast Invasive Carcinoma (TCGA);Breast Invasive Carcinoma (validation);Cervical Squamous Cell Carcinoma and Endocervical Adenocarcinoma (TCGA);Colon Adenocarcinoma (TCGA),0.2727272727272727,0.45454545454545453,0.0,20.0,3.0,1.0,False
Q8WY98,TMEM234,ENSG00000160055,Low cancer specificity,Detected in all,,0.0,0,30,Bladder Urothelial Carcinoma (TCGA);Breast Invasive Carcinoma (TCGA);Cervical Squamous Cell Carcinoma and Endocervical Adenocarcinoma (TCGA);Colon Adenocarcinoma (TCGA);Colon Adenocarcinoma (validation),0.09090909090909091,0.7272727272727273,5.0,20.0,0.0,2.0,False
Q6E213,AWAT2,ENSG00000147160,Not detected,Not detected,,0.0,0,0,,0.0,0.2727272727272727,0.0,20.0,0.0,0.0,False
A6NM10,AQP12B,ENSG00000185176,Cancer enriched,Detected in single,4,2.8,1,2,Pancreatic Adenocarcinoma (TCGA);Pancreatic Adenocarcinoma (validation),0.0,0.0,0.0,20.0,0.0,0.0,False
P50391,NPY4R,ENSG00000204174,Cancer enriched,Detected in some,5,7.2,1,9,Colon Adenocarcinoma (TCGA);Colon Adenocarcinoma (validation);Lung Adenocarcinoma (validation);Pancreatic Adenocarcinoma (TCGA);Pancreatic Adenocarcinoma (validation),0.45454545454545453,1.0,12.0,20.0,0.0,0.0,False
P56373,P2RX3,ENSG00000109991,Not detected,Not detected,,0.0,0,0,,0.36363636363636365,0.6363636363636364,1.0,20.0,0.0,0.0,False
Q96R08,OR5B12,ENSG00000172362,Not detected,Not detected,,0.0,0,0,,0.0,0.0,,,,,False
O15554,KCNN4,ENSG00000104783,Low cancer specificity,Detected in all,,0.0,0,31,Bladder Urothelial Carcinoma (TCGA);Breast Invasive Carcinoma (TCGA);Breast Invasive Carcinoma (validation);Cervical Squamous Cell Carcinoma and Endocervical Adenocarcinoma (TCGA);Colon Adenocarcinoma (TCGA),0.0,0.0,0.0,20.0,1.0,3.0,False
Q15619,OR1C1,ENSG00000221888,Not detected,Not detected,,0.0,0,0,,0.0,0.0,,,,,False
Q92523,CPT1B,ENSG00000205560,Cancer enhanced,Detected in all,,57.0,1,31,Bladder Urothelial Carcinoma (TCGA);Breast Invasive Carcinoma (TCGA);Breast Invasive Carcinoma (validation);Cervical Squamous Cell Carcinoma and Endocervical Adenocarcinoma (TCGA);Colon Adenocarcinoma (TCGA),0.0,0.09090909090909091,0.0,20.0,0.0,0.0,True
Q9Y6M5,SLC30A1,ENSG00000170385,Low cancer specificity,Detected in all,,0.0,0,31,Bladder Urothelial Carcinoma (TCGA);Breast Invasive Carcinoma (TCGA);Breast Invasive Carcinoma (validation);Cervical Squamous Cell Carcinoma and Endocervical Adenocarcinoma (TCGA);Colon Adenocarcinoma (TCGA),0.16666666666666666,0.75,4.0,20.0,0.0,0.0,False
Q8IZV2,CMTM8,ENSG00000170293,Low cancer specificity,Detected in all,,0.0,0,31,Bladder Urothelial Carcinoma (TCGA);Breast Invasive Carcinoma (TCGA);Breast Invasive Carcinoma (validation);Cervical Squamous Cell Carcinoma and Endocervical Adenocarcinoma (TCGA);Colon Adenocarcinoma (TCGA),0.0,0.6,1.0,20.0,1.0,0.0,False
Q9NYW0,TAS2R10,ENSG00000121318,Not detected,Not detected,,0.0,0,2,Breast Invasive Carcinoma (validation);Glioblastoma Multiforme (validation),0.0,0.0,,,,,False
Q8NGP3,OR5M9,ENSG00000150269,Not detected,Not detected,,0.0,0,0,,0.0,0.0,,,,,False
P04920,SLC4A2,ENSG00000164889,Low cancer specificity,Detected in all,,0.0,0,31,Bladder Urothelial Carcinoma (TCGA);Breast Invasive Carcinoma (TCGA);Breast Invasive Carcinoma (validation);Cervical Squamous Cell Carcinoma and Endocervical Adenocarcinoma (TCGA);Colon Adenocarcinoma (TCGA),0.5833333333333334,1.0,15.0,20.0,1.0,1.0,True
O15244,SLC22A2,ENSG00000112499,Group enriched,Detected in some,8,124.4,2,4,Kidney Chromophobe (TCGA);Kidney Renal Clear Cell Carcinoma (TCGA);Kidney Renal Clear Cell Carcinoma (validation);Kidney Renal Papillary Cell Carcinoma (TCGA),0.5555555555555556,0.6666666666666666,1.0,20.0,1.0,0.0,True
Q5NUL3,FFAR4,ENSG00000186188,Cancer enhanced,Detected in many,,7.3,2,13,Colon Adenocarcinoma (TCGA);Colon Adenocarcinoma (validation);Glioblastoma Multiforme (TCGA);Glioblastoma Multiforme (validation);Kidney Renal Clear Cell Carcinoma (validation),0.0,0.0,,,,,False
Q6ZXV5,TMTC3,ENSG00000139324,Low cancer specificity,Detected in all,,0.0,0,31,Bladder Urothelial Carcinoma (TCGA);Breast Invasive Carcinoma (TCGA);Breast Invasive Carcinoma (validation);Cervical Squamous Cell Carcinoma and Endocervical Adenocarcinoma (TCGA);Colon Adenocarcinoma (TCGA),0.16666666666666666,0.75,4.0,20.0,0.0,0.0,False
Q9H2S1,KCNN2,ENSG00000080709,Group enriched,Detected in many,7,37.2,3,21,Bladder Urothelial Carcinoma (TCGA);Breast Invasive Carcinoma (TCGA);Breast Invasive Carcinoma (validation);Colon Adenocarcinoma (validation);Glioblastoma Multiforme (TCGA),0.2727272727272727,1.0,13.0,20.0,0.0,0.0,True
Q9BSK0,MARVELD1,ENSG00000155254,Low cancer specificity,Detected in all,,0.0,0,31,Bladder Urothelial Carcinoma (TCGA);Breast Invasive Carcinoma (TCGA);Breast Invasive Carcinoma (validation);Cervical Squamous Cell Carcinoma and Endocervical Adenocarcinoma (TCGA);Colon Adenocarcinoma (TCGA),0.0,0.0,,,,,False
Q13255,GRM1,ENSG00000152822,Cancer enriched,Detected in single,6,3.0,1,2,Glioblastoma Multiforme (validation);Kidney Chromophobe (TCGA),0.0,0.6666666666666666,2.0,20.0,0.0,0.0,False
Q2M3G0,ABCB5,ENSG00000004846,Group enriched,Detected in some,13,29.6,2,8,Breast Invasive Carcinoma (validation);Colon Adenocarcinoma (validation);Kidney Renal Clear Cell Carcinoma (TCGA);Kidney Renal Papillary Cell Carcinoma (TCGA);Pancreatic Adenocarcinoma (validation),0.0,0.0,,,,,True
Q9NXI6,RNF186,ENSG00000178828,Cancer enhanced,Detected in many,,29.7,3,14,Bladder Urothelial Carcinoma (TCGA);Breast Invasive Carcinoma (validation);Cervical Squamous Cell Carcinoma and Endocervical Adenocarcinoma (TCGA);Colon Adenocarcinoma (TCGA);Colon Adenocarcinoma (validation),0.0,0.16666666666666666,0.0,20.0,0.0,0.0,True
P08247,SYP,ENSG00000102003,Group enriched,Detected in many,6,45.8,2,30,Bladder Urothelial Carcinoma (TCGA);Breast Invasive Carcinoma (TCGA);Breast Invasive Carcinoma (validation);Cervical Squamous Cell Carcinoma and Endocervical Adenocarcinoma (TCGA);Colon Adenocarcinoma (TCGA),0.0,1.0,1.0,20.0,0.0,0.0,True
Q9Y6I8,PXMP4,ENSG00000101417,Low cancer specificity,Detected in all,,0.0,0,31,Bladder Urothelial Carcinoma (TCGA);Breast Invasive Carcinoma (TCGA);Breast Invasive Carcinoma (validation);Cervical Squamous Cell Carcinoma and Endocervical Adenocarcinoma (TCGA);Colon Adenocarcinoma (TCGA),0.2727272727272727,1.0,14.0,20.0,2.0,0.0,False
Q14656,TMEM187,ENSG00000177854,Low cancer specificity,Detected in all,,0.0,0,31,Bladder Urothelial Carcinoma (TCGA);Breast Invasive Carcinoma (TCGA);Breast Invasive Carcinoma (validation);Cervical Squamous Cell Carcinoma and Endocervical Adenocarcinoma (TCGA);Colon Adenocarcinoma (TCGA),0.0,0.18181818181818182,0.0,20.0,1.0,0.0,False
Q9BRK0,REEP2,ENSG00000132563,Cancer enriched,Detected in many,9,76.2,1,28,Bladder Urothelial Carcinoma (TCGA);Breast Invasive Carcinoma (TCGA);Breast Invasive Carcinoma (validation);Cervical Squamous Cell Carcinoma and Endocervical Adenocarcinoma (TCGA);Colon Adenocarcinoma (TCGA),0.2727272727272727,0.7272727272727273,1.0,20.0,2.0,1.0,True
Q58HT5,AWAT1,ENSG00000204195,Not detected,Not detected,,0.0,0,0,,0.0,0.0,0.0,20.0,0.0,0.0,False
O14493,CLDN4,ENSG00000189143,Low cancer specificity,Detected in many,,0.0,0,29,Bladder Urothelial Carcinoma (TCGA);Breast Invasive Carcinoma (TCGA);Breast Invasive Carcinoma (validation);Cervical Squamous Cell Carcinoma and Endocervical Adenocarcinoma (TCGA);Colon Adenocarcinoma (TCGA),1.0,1.0,14.0,20.0,1.0,1.0,True
Q8TAX9,GSDMB,ENSG00000073605,Low cancer specificity,Detected in many,,0.0,0,29,Bladder Urothelial Carcinoma (TCGA);Breast Invasive Carcinoma (TCGA);Breast Invasive Carcinoma (validation);Cervical Squamous Cell Carcinoma and Endocervical Adenocarcinoma (TCGA);Colon Adenocarcinoma (TCGA),0.0,0.36363636363636365,0.0,20.0,2.0,1.0,False
Q96T83,SLC9A7,ENSG00000065923,Low cancer specificity,Detected in all,,0.0,0,31,Bladder Urothelial Carcinoma (TCGA);Breast Invasive Carcinoma (TCGA);Breast Invasive Carcinoma (validation);Cervical Squamous Cell Carcinoma and Endocervical Adenocarcinoma (TCGA);Colon Adenocarcinoma (TCGA),0.2727272727272727,0.5454545454545454,4.0,20.0,0.0,2.0,False
O00501,CLDN5,ENSG00000184113,Cancer enriched,Detected in all,4,131.6,1,31,Bladder Urothelial Carcinoma (TCGA);Breast Invasive Carcinoma (TCGA);Breast Invasive Carcinoma (validation);Cervical Squamous Cell Carcinoma and Endocervical Adenocarcinoma (TCGA);Colon Adenocarcinoma (TCGA),0.75,1.0,15.0,20.0,0.0,0.0,True
P60033,CD81,ENSG00000110651,Low cancer specificity,Detected in all,,0.0,0,31,Bladder Urothelial Carcinoma (TCGA);Breast Invasive Carcinoma (TCGA);Breast Invasive Carcinoma (validation);Cervical Squamous Cell Carcinoma and Endocervical Adenocarcinoma (TCGA);Colon Adenocarcinoma (TCGA),0.1,0.25,0.0,20.0,1.0,2.0,False
Q8N5S1,SLC25A41,ENSG00000181240,Not detected,Not detected,,0.0,0,0,,0.0,0.16666666666666666,0.0,20.0,0.0,0.0,False
A1A5C7,SLC22A23,ENSG00000137266,Low cancer specificity,Detected in all,,0.0,0,31,Bladder Urothelial Carcinoma (TCGA);Breast Invasive Carcinoma (TCGA);Breast Invasive Carcinoma (validation);Cervical Squamous Cell Carcinoma and Endocervical Adenocarcinoma (TCGA);Colon Adenocarcinoma (TCGA),0.6363636363636364,1.0,20.0,20.0,1.0,1.0,True
Q969V1,MCHR2,ENSG00000152034,Not detected,Not detected,,0.0,0,0,,0.0,0.0,,,,,False
O60637,TSPAN3,ENSG00000140391,Low cancer specificity,Detected in all,,0.0,0,31,Bladder Urothelial Carcinoma (TCGA);Breast Invasive Carcinoma (TCGA);Breast Invasive Carcinoma (validation);Cervical Squamous Cell Carcinoma and Endocervical Adenocarcinoma (TCGA);Colon Adenocarcinoma (TCGA),0.5,1.0,4.0,20.0,0.0,0.0,True
Q6ZMD2,SPNS3,ENSG00000182557,Cancer enhanced,Detected in some,,1.7,1,5,Breast Invasive Carcinoma (validation);Kidney Renal Clear Cell Carcinoma (TCGA);Kidney Renal Clear Cell Carcinoma (validation);Kidney Renal Papillary Cell Carcinoma (TCGA);Liver Hepatocellular Carcinoma (validation),0.0,0.3,0.0,20.0,0.0,1.0,False
Q12772,SREBF2,ENSG00000198911,Low cancer specificity,Detected in all,,0.0,0,31,Bladder Urothelial Carcinoma (TCGA);Breast Invasive Carcinoma (TCGA);Breast Invasive Carcinoma (validation);Cervical Squamous Cell Carcinoma and Endocervical Adenocarcinoma (TCGA);Colon Adenocarcinoma (TCGA),0.3333333333333333,0.6666666666666666,10.0,20.0,1.0,0.0,False
O60831,PRAF2,ENSG00000243279,Low cancer specificity,Detected in all,,0.0,0,31,Bladder Urothelial Carcinoma (TCGA);Breast Invasive Carcinoma (TCGA);Breast Invasive Carcinoma (validation);Cervical Squamous Cell Carcinoma and Endocervical Adenocarcinoma (TCGA);Colon Adenocarcinoma (TCGA),0.1,1.0,6.0,20.0,3.0,2.0,False
Q9HCC8,GDPD2,ENSG00000130055,Cancer enhanced,Detected in many,,18.4,1,18,Bladder Urothelial Carcinoma (TCGA);Breast Invasive Carcinoma (validation);Cervical Squamous Cell Carcinoma and Endocervical Adenocarcinoma (TCGA);Colon Adenocarcinoma (TCGA);Colon Adenocarcinoma (validation),0.0,0.0,,,,,True
Q8NGD3,OR4K5,ENSG00000176281,Not detected,Not detected,,0.0,0,0,,0.0,0.0,,,,,False
O94850,DDN,ENSG00000181418,Cancer enhanced,Detected in some,,3.7,2,7,Colon Adenocarcinoma (TCGA);Colon Adenocarcinoma (validation);Glioblastoma Multiforme (TCGA);Glioblastoma Multiforme (validation);Head and Neck Squamous Cell Carcinoma (TCGA),0.0,0.5,1.0,20.0,0.0,0.0,False
Q8NI08,NCOA7,ENSG00000111912,Low cancer specificity,Detected in all,,0.0,0,31,Bladder Urothelial Carcinoma (TCGA);Breast Invasive Carcinoma (TCGA);Breast Invasive Carcinoma (validation);Cervical Squamous Cell Carcinoma and Endocervical Adenocarcinoma (TCGA);Colon Adenocarcinoma (TCGA),0.0,0.5,1.0,20.0,1.0,0.0,False
Q2NKQ1,SGSM1,ENSG00000167037,Cancer enhanced,Detected in many,,6.2,1,19,Bladder Urothelial Carcinoma (TCGA);Breast Invasive Carcinoma (TCGA);Breast Invasive Carcinoma (validation);Colon Adenocarcinoma (validation);Glioblastoma Multiforme (TCGA),0.5,1.0,6.0,20.0,0.0,0.0,True
P50607,TUB,ENSG00000166402,Low cancer specificity,Detected in many,,0.0,0,28,Bladder Urothelial Carcinoma (TCGA);Breast Invasive Carcinoma (TCGA);Breast Invasive Carcinoma (validation);Cervical Squamous Cell Carcinoma and Endocervical Adenocarcinoma (TCGA);Colon Adenocarcinoma (validation),0.25,0.5555555555555556,2.0,20.0,2.0,0.0,False
Q8N565,MREG,ENSG00000118242,Low cancer specificity,Detected in all,,0.0,0,31,Bladder Urothelial Carcinoma (TCGA);Breast Invasive Carcinoma (TCGA);Breast Invasive Carcinoma (validation);Cervical Squamous Cell Carcinoma and Endocervical Adenocarcinoma (TCGA);Colon Adenocarcinoma (TCGA),0.0,0.0,,,,,False
P16870,CPE,ENSG00000109472,Cancer enhanced,Detected in all,,556.6,1,31,Bladder Urothelial Carcinoma (TCGA);Breast Invasive Carcinoma (TCGA);Breast Invasive Carcinoma (validation);Cervical Squamous Cell Carcinoma and Endocervical Adenocarcinoma (TCGA);Colon Adenocarcinoma (TCGA),1.0,1.0,2.0,20.0,0.0,2.0,True
Q7LC44,ARC,ENSG00000198576,Cancer enriched,Detected in many,13,59.7,1,14,Bladder Urothelial Carcinoma (TCGA);Breast Invasive Carcinoma (TCGA);Breast Invasive Carcinoma (validation);Glioblastoma Multiforme (TCGA);Glioblastoma Multiforme (validation),0.0,0.0,,,,,True
Q04759,PRKCQ,ENSG00000065675,Low cancer specificity,Detected in many,,0.0,0,27,Bladder Urothelial Carcinoma (TCGA);Breast Invasive Carcinoma (TCGA);Breast Invasive Carcinoma (validation);Cervical Squamous Cell Carcinoma and Endocervical Adenocarcinoma (TCGA);Colon Adenocarcinoma (TCGA),0.0,0.0,,,,,False
Q9Y2V7,COG6,ENSG00000133103,Low cancer specificity,Detected in all,,0.0,0,31,Bladder Urothelial Carcinoma (TCGA);Breast Invasive Carcinoma (TCGA);Breast Invasive Carcinoma (validation);Cervical Squamous Cell Carcinoma and Endocervical Adenocarcinoma (TCGA);Colon Adenocarcinoma (TCGA),0.0,0.8333333333333334,7.0,20.0,1.0,0.0,False
Q9UQ49,NEU3,ENSG00000162139,Low cancer specificity,Detected in all,,0.0,0,31,Bladder Urothelial Carcinoma (TCGA);Breast Invasive Carcinoma (TCGA);Breast Invasive Carcinoma (validation);Cervical Squamous Cell Carcinoma and Endocervical Adenocarcinoma (TCGA);Colon Adenocarcinoma (TCGA),0.08333333333333333,0.5,1.0,20.0,1.0,0.0,False
P61764,STXBP1,ENSG00000136854,Cancer enhanced,Detected in all,,105.2,1,31,Bladder Urothelial Carcinoma (TCGA);Breast Invasive Carcinoma (TCGA);Breast Invasive Carcinoma (validation);Cervical Squamous Cell Carcinoma and Endocervical Adenocarcinoma (TCGA);Colon Adenocarcinoma (TCGA),0.0,0.25,0.0,20.0,1.0,3.0,True
Q9NYA1,SPHK1,ENSG00000176170,Low cancer specificity,Detected in all,,0.0,0,31,Bladder Urothelial Carcinoma (TCGA);Breast Invasive Carcinoma (TCGA);Breast Invasive Carcinoma (validation);Cervical Squamous Cell Carcinoma and Endocervical Adenocarcinoma (TCGA);Colon Adenocarcinoma (TCGA),0.0,0.25,0.0,20.0,0.0,1.0,False
Q9Y2G0,EFR3B,ENSG00000084710,Cancer enhanced,Detected in many,,10.9,1,15,Breast Invasive Carcinoma (TCGA);Breast Invasive Carcinoma (validation);Colon Adenocarcinoma (validation);Glioblastoma Multiforme (TCGA);Glioblastoma Multiforme (validation),0.3333333333333333,0.4166666666666667,0.0,20.0,0.0,0.0,True
O43463,SUV39H1,ENSG00000101945,Low cancer specificity,Detected in all,,0.0,0,31,Bladder Urothelial Carcinoma (TCGA);Breast Invasive Carcinoma (TCGA);Breast Invasive Carcinoma (validation);Cervical Squamous Cell Carcinoma and Endocervical Adenocarcinoma (TCGA);Colon Adenocarcinoma (TCGA),0.0,0.0,,,,,False
P62166,NCS1,ENSG00000107130,Low cancer specificity,Detected in all,,0.0,0,31,Bladder Urothelial Carcinoma (TCGA);Breast Invasive Carcinoma (TCGA);Breast Invasive Carcinoma (validation);Cervical Squamous Cell Carcinoma and Endocervical Adenocarcinoma (TCGA);Colon Adenocarcinoma (TCGA),0.0,0.16666666666666666,0.0,20.0,0.0,4.0,False
O14920,IKBKB,ENSG00000104365,Low cancer specificity,Detected in all,,0.0,0,31,Bladder Urothelial Carcinoma (TCGA);Breast Invasive Carcinoma (TCGA);Breast Invasive Carcinoma (validation);Cervical Squamous Cell Carcinoma and Endocervical Adenocarcinoma (TCGA);Colon Adenocarcinoma (TCGA),0.8181818181818182,1.0,20.0,20.0,1.0,0.0,True
P56559,ARL4C,ENSG00000188042,Low cancer specificity,Detected in all,,0.0,0,31,Bladder Urothelial Carcinoma (TCGA);Breast Invasive Carcinoma (TCGA);Breast Invasive Carcinoma (validation);Cervical Squamous Cell Carcinoma and Endocervical Adenocarcinoma (TCGA);Colon Adenocarcinoma (TCGA),0.1,0.3,0.0,20.0,0.0,3.0,False
P19474,TRIM21,ENSG00000132109,Low cancer specificity,Detected in all,,0.0,0,31,Bladder Urothelial Carcinoma (TCGA);Breast Invasive Carcinoma (TCGA);Breast Invasive Carcinoma (validation);Cervical Squamous Cell Carcinoma and Endocervical Adenocarcinoma (TCGA);Colon Adenocarcinoma (TCGA),1.0,1.0,14.0,20.0,2.0,1.0,True
Q9NY59,SMPD3,ENSG00000103056,Low cancer specificity,Detected in many,,0.0,0,23,Bladder Urothelial Carcinoma (TCGA);Breast Invasive Carcinoma (TCGA);Breast Invasive Carcinoma (validation);Cervical Squamous Cell Carcinoma and Endocervical Adenocarcinoma (TCGA);Colon Adenocarcinoma (TCGA),0.25,1.0,4.0,20.0,2.0,0.0,False
Q6ZVD7,STOX1,ENSG00000165730,Low cancer specificity,Detected in many,,0.0,0,25,Bladder Urothelial Carcinoma (TCGA);Breast Invasive Carcinoma (TCGA);Breast Invasive Carcinoma (validation);Cervical Squamous Cell Carcinoma and Endocervical Adenocarcinoma (TCGA);Colon Adenocarcinoma (TCGA),0.08333333333333333,0.6666666666666666,2.0,20.0,2.0,0.0,False
A0A087WVF3,TBC1D3D,ENSG00000274419,Low cancer specificity,Detected in many,,0.0,0,12,Bladder Urothelial Carcinoma (TCGA);Breast Invasive Carcinoma (TCGA);Cervical Squamous Cell Carcinoma and Endocervical Adenocarcinoma (TCGA);Colon Adenocarcinoma (TCGA);Colon Adenocarcinoma (validation),0.0,0.0,0.0,20.0,0.0,0.0,False
P09038,FGF2,ENSG00000138685,Low cancer specificity,Detected in many,,0.0,0,27,Bladder Urothelial Carcinoma (TCGA);Breast Invasive Carcinoma (TCGA);Breast Invasive Carcinoma (validation);Cervical Squamous Cell Carcinoma and Endocervical Adenocarcinoma (TCGA);Colon Adenocarcinoma (TCGA),0.25,0.5833333333333334,1.0,20.0,0.0,1.0,False
Q00535,CDK5,ENSG00000164885,Low cancer specificity,Detected in all,,0.0,0,31,Bladder Urothelial Carcinoma (TCGA);Breast Invasive Carcinoma (TCGA);Breast Invasive Carcinoma (validation);Cervical Squamous Cell Carcinoma and Endocervical Adenocarcinoma (TCGA);Colon Adenocarcinoma (TCGA),0.5,0.9166666666666666,12.0,20.0,0.0,0.0,True
Q6PCB0,VWA1,ENSG00000179403,Low cancer specificity,Detected in all,,0.0,0,31,Bladder Urothelial Carcinoma (TCGA);Breast Invasive Carcinoma (TCGA);Breast Invasive Carcinoma (validation);Cervical Squamous Cell Carcinoma and Endocervical Adenocarcinoma (TCGA);Colon Adenocarcinoma (TCGA),0.0,0.0,,,,,False
A0A075B6S6,IGKV2D-30,ENSG00000239571,Low cancer specificity,Detected in many,,0.0,0,18,Bladder Urothelial Carcinoma (TCGA);Breast Invasive Carcinoma (TCGA);Cervical Squamous Cell Carcinoma and Endocervical Adenocarcinoma (TCGA);Colon Adenocarcinoma (TCGA);Colon Adenocarcinoma (validation),0.0,0.0,,,,,False
O95487,SEC24B,ENSG00000138802,Low cancer specificity,Detected in all,,0.0,0,31,Bladder Urothelial Carcinoma (TCGA);Breast Invasive Carcinoma (TCGA);Breast Invasive Carcinoma (validation);Cervical Squamous Cell Carcinoma and Endocervical Adenocarcinoma (TCGA);Colon Adenocarcinoma (TCGA),0.18181818181818182,1.0,14.0,20.0,1.0,0.0,False
P54826,GAS1,ENSG00000180447,Cancer enhanced,Detected in many,,37.9,1,30,Bladder Urothelial Carcinoma (TCGA);Breast Invasive Carcinoma (TCGA);Breast Invasive Carcinoma (validation);Cervical Squamous Cell Carcinoma and Endocervical Adenocarcinoma (TCGA);Colon Adenocarcinoma (TCGA),0.8333333333333334,1.0,17.0,20.0,0.0,4.0,True
O75038,PLCH2,ENSG00000149527,Cancer enhanced,Detected in many,,14.8,1,22,Bladder Urothelial Carcinoma (TCGA);Breast Invasive Carcinoma (TCGA);Breast Invasive Carcinoma (validation);Cervical Squamous Cell Carcinoma and Endocervical Adenocarcinoma (TCGA);Colon Adenocarcinoma (TCGA),0.0,0.09090909090909091,0.0,20.0,0.0,0.0,True
Q9Y5X3,SNX5,ENSG00000089006,Low cancer specificity,Detected in all,,0.0,0,31,Bladder Urothelial Carcinoma (TCGA);Breast Invasive Carcinoma (TCGA);Breast Invasive Carcinoma (validation);Cervical Squamous Cell Carcinoma and Endocervical Adenocarcinoma (TCGA);Colon Adenocarcinoma (TCGA),0.5,1.0,11.0,20.0,0.0,1.0,True
Q9BUH8,BEGAIN,ENSG00000183092,Cancer enhanced,Detected in many,,5.9,1,15,Breast Invasive Carcinoma (TCGA);Breast Invasive Carcinoma (validation);Cervical Squamous Cell Carcinoma and Endocervical Adenocarcinoma (TCGA);Colon Adenocarcinoma (validation);Glioblastoma Multiforme (TCGA),0.0,0.0,,,,,False
P11142,HSPA8,ENSG00000109971,Low cancer specificity,Detected in all,,0.0,0,31,Bladder Urothelial Carcinoma (TCGA);Breast Invasive Carcinoma (TCGA);Breast Invasive Carcinoma (validation);Cervical Squamous Cell Carcinoma and Endocervical Adenocarcinoma (TCGA);Colon Adenocarcinoma (TCGA),0.08333333333333333,0.75,8.0,20.0,2.0,1.0,False
Q5SQI0,ATAT1,ENSG00000137343,Cancer enhanced,Detected in many,,7.1,1,20,Bladder Urothelial Carcinoma (TCGA);Breast Invasive Carcinoma (TCGA);Cervical Squamous Cell Carcinoma and Endocervical Adenocarcinoma (TCGA);Colon Adenocarcinoma (validation);Glioblastoma Multiforme (TCGA),0.25,1.0,13.0,20.0,1.0,2.0,False
Q9Y6M9,NDUFB9,ENSG00000147684,Low cancer specificity,Detected in all,,0.0,0,31,Bladder Urothelial Carcinoma (TCGA);Breast Invasive Carcinoma (TCGA);Breast Invasive Carcinoma (validation);Cervical Squamous Cell Carcinoma and Endocervical Adenocarcinoma (TCGA);Colon Adenocarcinoma (TCGA),0.0,0.5,1.0,20.0,1.0,0.0,False
A0A578,TRBV5-1,ENSG00000211734,Low cancer specificity,Detected in some,,0.0,0,7,Breast Invasive Carcinoma (TCGA);Kidney Renal Clear Cell Carcinoma (TCGA);Kidney Renal Clear Cell Carcinoma (validation);Lung Adenocarcinoma (TCGA);Lung Adenocarcinoma (validation),0.0,0.0,,,,,False
Q9P2D0,IBTK,ENSG00000005700,Low cancer specificity,Detected in all,,0.0,0,31,Bladder Urothelial Carcinoma (TCGA);Breast Invasive Carcinoma (TCGA);Breast Invasive Carcinoma (validation);Cervical Squamous Cell Carcinoma and Endocervical Adenocarcinoma (TCGA);Colon Adenocarcinoma (TCGA),0.0,0.0,0.0,20.0,0.0,1.0,False
Q9UHY1,NRBP1,ENSG00000115216,Low cancer specificity,Detected in all,,0.0,0,31,Bladder Urothelial Carcinoma (TCGA);Breast Invasive Carcinoma (TCGA);Breast Invasive Carcinoma (validation);Cervical Squamous Cell Carcinoma and Endocervical Adenocarcinoma (TCGA);Colon Adenocarcinoma (TCGA),0.25,0.9166666666666666,3.0,20.0,0.0,2.0,False
O75747,PIK3C2G,ENSG00000139144,Cancer enhanced,Detected in some,,5.0,1,11,Breast Invasive Carcinoma (TCGA);Breast Invasive Carcinoma (validation);Kidney Chromophobe (TCGA);Liver Hepatocellular Carcinoma (TCGA);Liver Hepatocellular Carcinoma (validation),0.0,0.0,,,,,False
Q9UQ26,RIMS2,ENSG00000176406,Low cancer specificity,Detected in many,,0.0,0,22,Bladder Urothelial Carcinoma (TCGA);Breast Invasive Carcinoma (TCGA);Breast Invasive Carcinoma (validation);Cervical Squamous Cell Carcinoma and Endocervical Adenocarcinoma (TCGA);Glioblastoma Multiforme (TCGA),0.6363636363636364,0.9166666666666666,8.0,20.0,0.0,0.0,True
O75964,ATP5MG,ENSG00000167283,Low cancer specificity,Detected in all,,0.0,0,29,Bladder Urothelial Carcinoma (TCGA);Breast Invasive Carcinoma (TCGA);Cervical Squamous Cell Carcinoma and Endocervical Adenocarcinoma (TCGA);Colon Adenocarcinoma (TCGA);Colon Adenocarcinoma (validation),0.6666666666666666,1.0,15.0,20.0,1.0,0.0,True
Q16512,PKN1,ENSG00000123143,Low cancer specificity,Detected in all,,0.0,0,31,Bladder Urothelial Carcinoma (TCGA);Breast Invasive Carcinoma (TCGA);Breast Invasive Carcinoma (validation);Cervical Squamous Cell Carcinoma and Endocervical Adenocarcinoma (TCGA);Colon Adenocarcinoma (TCGA),1.0,1.0,20.0,20.0,0.0,0.0,True
Q6PIL6,KCNIP4,ENSG00000185774,Cancer enhanced,Detected in some,,9.2,2,10,Breast Invasive Carcinoma (validation);Glioblastoma Multiforme (TCGA);Glioblastoma Multiforme (validation);Kidney Chromophobe (TCGA);Kidney Renal Clear Cell Carcinoma (TCGA),0.0,0.0,,,,,False
Q6ZWE6,PLEKHM3,ENSG00000178385,Low cancer specificity,Detected in many,,0.0,0,24,Breast Invasive Carcinoma (TCGA);Breast Invasive Carcinoma (validation);Colon Adenocarcinoma (validation);Glioblastoma Multiforme (TCGA);Glioblastoma Multiforme (validation),0.0,0.75,6.0,20.0,0.0,0.0,False
A0A0B4J263,TRAV39,ENSG00000211818,Low cancer specificity,Detected in some,,0.0,0,5,Kidney Renal Clear Cell Carcinoma (TCGA);Lung Adenocarcinoma (TCGA);Lung Adenocarcinoma (validation);Lung Squamous Cell Carcinoma (TCGA);Lung Squamous Cell Carcinoma (validation),0.0,0.0,,,,,False
Q9NZP6,NPAP1,ENSG00000185823,Not detected,Not detected,,0.0,0,2,Colon Adenocarcinoma (validation);Rectum Adenocarcinoma (validation),0.08333333333333333,0.4166666666666667,0.0,20.0,0.0,0.0,False
Q9HD42,CHMP1A,ENSG00000131165,Low cancer specificity,Detected in all,,0.0,0,31,Bladder Urothelial Carcinoma (TCGA);Breast Invasive Carcinoma (TCGA);Breast Invasive Carcinoma (validation);Cervical Squamous Cell Carcinoma and Endocervical Adenocarcinoma (TCGA);Colon Adenocarcinoma (TCGA),0.0,0.0,,,,,False
Q9Y2X7,GIT1,ENSG00000108262,Low cancer specificity,Detected in all,,0.0,0,31,Bladder Urothelial Carcinoma (TCGA);Breast Invasive Carcinoma (TCGA);Breast Invasive Carcinoma (validation);Cervical Squamous Cell Carcinoma and Endocervical Adenocarcinoma (TCGA);Colon Adenocarcinoma (TCGA),0.2727272727272727,1.0,19.0,20.0,0.0,1.0,False
P01737,TRAV8-4,ENSG00000211790,Low cancer specificity,Detected in many,,0.0,0,12,Breast Invasive Carcinoma (TCGA);Colon Adenocarcinoma (validation);Head and Neck Squamous Cell Carcinoma (TCGA);Kidney Renal Clear Cell Carcinoma (TCGA);Kidney Renal Clear Cell Carcinoma (validation),0.0,0.0,,,,,False
Q8IYU2,HACE1,ENSG00000085382,Low cancer specificity,Detected in many,,0.0,0,30,Bladder Urothelial Carcinoma (TCGA);Breast Invasive Carcinoma (TCGA);Breast Invasive Carcinoma (validation);Cervical Squamous Cell Carcinoma and Endocervical Adenocarcinoma (TCGA);Colon Adenocarcinoma (TCGA),0.0,0.0,,,,,False
Q8N5V2,NGEF,ENSG00000066248,Cancer enhanced,Detected in many,,58.2,1,30,Bladder Urothelial Carcinoma (TCGA);Breast Invasive Carcinoma (TCGA);Breast Invasive Carcinoma (validation);Cervical Squamous Cell Carcinoma and Endocervical Adenocarcinoma (TCGA);Colon Adenocarcinoma (TCGA),0.08333333333333333,0.8333333333333334,7.0,20.0,0.0,0.0,True
Q9BZQ4,NMNAT2,ENSG00000157064,Low cancer specificity,Detected in many,,0.0,0,21,Bladder Urothelial Carcinoma (TCGA);Breast Invasive Carcinoma (TCGA);Breast Invasive Carcinoma (validation);Cervical Squamous Cell Carcinoma and Endocervical Adenocarcinoma (TCGA);Colon Adenocarcinoma (validation),0.0,0.08333333333333333,0.0,20.0,0.0,0.0,False
